epoch,mean_reward,avg_wait,r_morning,r_off,r_evening
0,-5.911111111111111,15.291062801932368,-5.605555555555555,-4.983333333333333,-7.32063492063492
1,-5.911111111111111,15.291062801932368,-5.605555555555555,-4.983333333333333,-7.32063492063492
2,-5.911111111111111,15.291062801932368,-5.605555555555555,-4.983333333333333,-7.32063492063492
3,-5.911111111111111,15.291062801932368,-5.605555555555555,-4.983333333333333,-7.32063492063492
4,-5.911111111111111,15.291062801932368,-5.605555555555555,-4.983333333333333,-7.32063492063492
5,-5.911111111111111,15.291062801932368,-5.605555555555555,-4.983333333333333,-7.32063492063492
6,-5.911111111111111,15.291062801932368,-5.605555555555555,-4.983333333333333,-7.32063492063492
7,-5.911111111111111,15.291062801932368,-5.605555555555555,-4.983333333333333,-7.32063492063492
8,-5.911111111111111,15.291062801932368,-5.605555555555555,-4.983333333333333,-7.32063492063492
9,-5.911111111111111,15.291062801932368,-5.605555555555555,-4.983333333333333,-7.32063492063492
10,-5.911111111111111,15.291062801932368,-5.605555555555555,-4.983333333333333,-7.32063492063492
11,-5.911111111111111,15.291062801932368,-5.605555555555555,-4.983333333333333,-7.32063492063492
12,-5.911111111111111,15.291062801932368,-5.605555555555555,-4.983333333333333,-7.32063492063492
13,-5.911111111111111,15.291062801932368,-5.605555555555555,-4.983333333333333,-7.32063492063492
14,-5.911111111111111,15.291062801932368,-5.605555555555555,-4.983333333333333,-7.32063492063492
15,-5.911111111111111,15.291062801932368,-5.605555555555555,-4.983333333333333,-7.32063492063492
16,-5.911111111111111,15.291062801932368,-5.605555555555555,-4.983333333333333,-7.32063492063492
17,-5.911111111111111,15.291062801932368,-5.605555555555555,-4.983333333333333,-7.32063492063492
18,-5.911111111111111,15.291062801932368,-5.605555555555555,-4.983333333333333,-7.32063492063492
19,-5.911111111111111,15.291062801932368,-5.605555555555555,-4.983333333333333,-7.32063492063492
20,-5.911111111111111,15.291062801932368,-5.605555555555555,-4.983333333333333,-7.32063492063492
21,-5.911111111111111,15.291062801932368,-5.605555555555555,-4.983333333333333,-7.32063492063492
22,-5.911111111111111,15.291062801932368,-5.605555555555555,-4.983333333333333,-7.32063492063492
23,-5.911111111111111,15.291062801932368,-5.605555555555555,-4.983333333333333,-7.32063492063492
24,-5.911111111111111,15.291062801932368,-5.605555555555555,-4.983333333333333,-7.32063492063492
25,-5.911111111111111,15.291062801932368,-5.605555555555555,-4.983333333333333,-7.32063492063492
26,-5.911111111111111,15.291062801932368,-5.605555555555555,-4.983333333333333,-7.32063492063492
27,-5.911111111111111,15.291062801932368,-5.605555555555555,-4.983333333333333,-7.32063492063492
28,-5.911111111111111,15.291062801932368,-5.605555555555555,-4.983333333333333,-7.32063492063492
29,-5.911111111111111,15.291062801932368,-5.605555555555555,-4.983333333333333,-7.32063492063492
30,-5.911111111111111,15.291062801932368,-5.605555555555555,-4.983333333333333,-7.32063492063492
31,-5.911111111111111,15.291062801932368,-5.605555555555555,-4.983333333333333,-7.32063492063492
32,-5.911111111111111,15.291062801932368,-5.605555555555555,-4.983333333333333,-7.32063492063492
33,-5.911111111111111,15.291062801932368,-5.605555555555555,-4.983333333333333,-7.32063492063492
34,-5.911111111111111,15.291062801932368,-5.605555555555555,-4.983333333333333,-7.32063492063492
35,-5.911111111111111,15.291062801932368,-5.605555555555555,-4.983333333333333,-7.32063492063492
36,-5.911111111111111,15.291062801932368,-5.605555555555555,-4.983333333333333,-7.32063492063492
37,-5.911111111111111,15.291062801932368,-5.605555555555555,-4.983333333333333,-7.32063492063492
38,-5.911111111111111,15.291062801932368,-5.605555555555555,-4.983333333333333,-7.32063492063492
39,-5.911111111111111,15.291062801932368,-5.605555555555555,-4.983333333333333,-7.32063492063492
40,-5.911111111111111,15.291062801932368,-5.605555555555555,-4.983333333333333,-7.32063492063492
41,-5.911111111111111,15.291062801932368,-5.605555555555555,-4.983333333333333,-7.32063492063492
42,-5.911111111111111,15.291062801932368,-5.605555555555555,-4.983333333333333,-7.32063492063492
43,-5.911111111111111,15.291062801932368,-5.605555555555555,-4.983333333333333,-7.32063492063492
44,-5.911111111111111,15.291062801932368,-5.605555555555555,-4.983333333333333,-7.32063492063492
45,-5.911111111111111,15.291062801932368,-5.605555555555555,-4.983333333333333,-7.32063492063492
46,-5.911111111111111,15.291062801932368,-5.605555555555555,-4.983333333333333,-7.32063492063492
47,-5.911111111111111,15.291062801932368,-5.605555555555555,-4.983333333333333,-7.32063492063492
48,-5.911111111111111,15.291062801932368,-5.605555555555555,-4.983333333333333,-7.32063492063492
49,-5.911111111111111,15.291062801932368,-5.605555555555555,-4.983333333333333,-7.32063492063492
50,-5.911111111111111,15.291062801932368,-5.605555555555555,-4.983333333333333,-7.32063492063492
51,-5.911111111111111,15.291062801932368,-5.605555555555555,-4.983333333333333,-7.32063492063492
52,-5.911111111111111,15.291062801932368,-5.605555555555555,-4.983333333333333,-7.32063492063492
53,-5.911111111111111,15.291062801932368,-5.605555555555555,-4.983333333333333,-7.32063492063492
54,-5.911111111111111,15.291062801932368,-5.605555555555555,-4.983333333333333,-7.32063492063492
55,-5.911111111111111,15.291062801932368,-5.605555555555555,-4.983333333333333,-7.32063492063492
56,-5.911111111111111,15.291062801932368,-5.605555555555555,-4.983333333333333,-7.32063492063492
57,-5.911111111111111,15.291062801932368,-5.605555555555555,-4.983333333333333,-7.32063492063492
58,-5.911111111111111,15.291062801932368,-5.605555555555555,-4.983333333333333,-7.32063492063492
59,-5.911111111111111,15.291062801932368,-5.605555555555555,-4.983333333333333,-7.32063492063492
60,-5.911111111111111,15.291062801932368,-5.605555555555555,-4.983333333333333,-7.32063492063492
61,-5.911111111111111,15.291062801932368,-5.605555555555555,-4.983333333333333,-7.32063492063492
62,-5.911111111111111,15.291062801932368,-5.605555555555555,-4.983333333333333,-7.32063492063492
63,-5.911111111111111,15.291062801932368,-5.605555555555555,-4.983333333333333,-7.32063492063492
64,-5.911111111111111,15.291062801932368,-5.605555555555555,-4.983333333333333,-7.32063492063492
65,-5.911111111111111,15.291062801932368,-5.605555555555555,-4.983333333333333,-7.32063492063492
66,-5.911111111111111,15.291062801932368,-5.605555555555555,-4.983333333333333,-7.32063492063492
67,-5.911111111111111,15.291062801932368,-5.605555555555555,-4.983333333333333,-7.32063492063492
68,-5.911111111111111,15.291062801932368,-5.605555555555555,-4.983333333333333,-7.32063492063492
69,-5.911111111111111,15.291062801932368,-5.605555555555555,-4.983333333333333,-7.32063492063492
70,-5.911111111111111,15.291062801932368,-5.605555555555555,-4.983333333333333,-7.32063492063492
71,-5.911111111111111,15.291062801932368,-5.605555555555555,-4.983333333333333,-7.32063492063492
72,-5.911111111111111,15.291062801932368,-5.605555555555555,-4.983333333333333,-7.32063492063492
73,-5.911111111111111,15.291062801932368,-5.605555555555555,-4.983333333333333,-7.32063492063492
74,-5.911111111111111,15.291062801932368,-5.605555555555555,-4.983333333333333,-7.32063492063492
75,-5.911111111111111,15.291062801932368,-5.605555555555555,-4.983333333333333,-7.32063492063492
76,-5.911111111111111,15.291062801932368,-5.605555555555555,-4.983333333333333,-7.32063492063492
77,-5.911111111111111,15.291062801932368,-5.605555555555555,-4.983333333333333,-7.32063492063492
78,-5.911111111111111,15.291062801932368,-5.605555555555555,-4.983333333333333,-7.32063492063492
79,-5.911111111111111,15.291062801932368,-5.605555555555555,-4.983333333333333,-7.32063492063492
80,-5.911111111111111,15.291062801932368,-5.605555555555555,-4.983333333333333,-7.32063492063492
81,-5.911111111111111,15.291062801932368,-5.605555555555555,-4.983333333333333,-7.32063492063492
82,-5.911111111111111,15.291062801932368,-5.605555555555555,-4.983333333333333,-7.32063492063492
83,-5.911111111111111,15.291062801932368,-5.605555555555555,-4.983333333333333,-7.32063492063492
84,-5.911111111111111,15.291062801932368,-5.605555555555555,-4.983333333333333,-7.32063492063492
85,-5.911111111111111,15.291062801932368,-5.605555555555555,-4.983333333333333,-7.32063492063492
86,-5.911111111111111,15.291062801932368,-5.605555555555555,-4.983333333333333,-7.32063492063492
87,-5.911111111111111,15.291062801932368,-5.605555555555555,-4.983333333333333,-7.32063492063492
88,-5.911111111111111,15.291062801932368,-5.605555555555555,-4.983333333333333,-7.32063492063492
89,-5.911111111111111,15.291062801932368,-5.605555555555555,-4.983333333333333,-7.32063492063492
90,-5.911111111111111,15.291062801932368,-5.605555555555555,-4.983333333333333,-7.32063492063492
91,-5.911111111111111,15.291062801932368,-5.605555555555555,-4.983333333333333,-7.32063492063492
92,-5.911111111111111,15.291062801932368,-5.605555555555555,-4.983333333333333,-7.32063492063492
93,-5.911111111111111,15.291062801932368,-5.605555555555555,-4.983333333333333,-7.32063492063492
94,-5.911111111111111,15.291062801932368,-5.605555555555555,-4.983333333333333,-7.32063492063492
95,-5.911111111111111,15.291062801932368,-5.605555555555555,-4.983333333333333,-7.32063492063492
96,-5.911111111111111,15.291062801932368,-5.605555555555555,-4.983333333333333,-7.32063492063492
97,-5.911111111111111,15.291062801932368,-5.605555555555555,-4.983333333333333,-7.32063492063492
98,-5.911111111111111,15.291062801932368,-5.605555555555555,-4.983333333333333,-7.32063492063492
99,-5.911111111111111,15.291062801932368,-5.605555555555555,-4.983333333333333,-7.32063492063492
100,-5.911111111111111,15.291062801932368,-5.605555555555555,-4.983333333333333,-7.32063492063492
101,-5.911111111111111,15.291062801932368,-5.605555555555555,-4.983333333333333,-7.32063492063492
102,-5.911111111111111,15.291062801932368,-5.605555555555555,-4.983333333333333,-7.32063492063492
103,-5.911111111111111,15.291062801932368,-5.605555555555555,-4.983333333333333,-7.32063492063492
104,-5.911111111111111,15.291062801932368,-5.605555555555555,-4.983333333333333,-7.32063492063492
105,-5.911111111111111,15.291062801932368,-5.605555555555555,-4.983333333333333,-7.32063492063492
106,-5.911111111111111,15.291062801932368,-5.605555555555555,-4.983333333333333,-7.32063492063492
107,-5.911111111111111,15.291062801932368,-5.605555555555555,-4.983333333333333,-7.32063492063492
108,-5.911111111111111,15.291062801932368,-5.605555555555555,-4.983333333333333,-7.32063492063492
109,-5.911111111111111,15.291062801932368,-5.605555555555555,-4.983333333333333,-7.32063492063492
110,-5.911111111111111,15.291062801932368,-5.605555555555555,-4.983333333333333,-7.32063492063492
111,-5.911111111111111,15.291062801932368,-5.605555555555555,-4.983333333333333,-7.32063492063492
112,-5.911111111111111,15.291062801932368,-5.605555555555555,-4.983333333333333,-7.32063492063492
113,-5.911111111111111,15.291062801932368,-5.605555555555555,-4.983333333333333,-7.32063492063492
114,-5.911111111111111,15.291062801932368,-5.605555555555555,-4.983333333333333,-7.32063492063492
115,-5.911111111111111,15.291062801932368,-5.605555555555555,-4.983333333333333,-7.32063492063492
116,-5.911111111111111,15.291062801932368,-5.605555555555555,-4.983333333333333,-7.32063492063492
117,-5.911111111111111,15.291062801932368,-5.605555555555555,-4.983333333333333,-7.32063492063492
118,-5.911111111111111,15.291062801932368,-5.605555555555555,-4.983333333333333,-7.32063492063492
119,-5.911111111111111,15.291062801932368,-5.605555555555555,-4.983333333333333,-7.32063492063492
120,-5.911111111111111,15.291062801932368,-5.605555555555555,-4.983333333333333,-7.32063492063492
121,-5.911111111111111,15.291062801932368,-5.605555555555555,-4.983333333333333,-7.32063492063492
122,-5.911111111111111,15.291062801932368,-5.605555555555555,-4.983333333333333,-7.32063492063492
123,-5.911111111111111,15.291062801932368,-5.605555555555555,-4.983333333333333,-7.32063492063492
124,-5.911111111111111,15.291062801932368,-5.605555555555555,-4.983333333333333,-7.32063492063492
125,-5.911111111111111,15.291062801932368,-5.605555555555555,-4.983333333333333,-7.32063492063492
126,-5.911111111111111,15.291062801932368,-5.605555555555555,-4.983333333333333,-7.32063492063492
127,-5.911111111111111,15.291062801932368,-5.605555555555555,-4.983333333333333,-7.32063492063492
128,-5.911111111111111,15.291062801932368,-5.605555555555555,-4.983333333333333,-7.32063492063492
129,-5.911111111111111,15.291062801932368,-5.605555555555555,-4.983333333333333,-7.32063492063492
130,-5.911111111111111,15.291062801932368,-5.605555555555555,-4.983333333333333,-7.32063492063492
131,-5.911111111111111,15.291062801932368,-5.605555555555555,-4.983333333333333,-7.32063492063492
132,-5.911111111111111,15.291062801932368,-5.605555555555555,-4.983333333333333,-7.32063492063492
133,-5.911111111111111,15.291062801932368,-5.605555555555555,-4.983333333333333,-7.32063492063492
134,-5.911111111111111,15.291062801932368,-5.605555555555555,-4.983333333333333,-7.32063492063492
135,-5.911111111111111,15.291062801932368,-5.605555555555555,-4.983333333333333,-7.32063492063492
136,-5.911111111111111,15.291062801932368,-5.605555555555555,-4.983333333333333,-7.32063492063492
137,-5.911111111111111,15.291062801932368,-5.605555555555555,-4.983333333333333,-7.32063492063492
138,-5.911111111111111,15.291062801932368,-5.605555555555555,-4.983333333333333,-7.32063492063492
139,-5.911111111111111,15.291062801932368,-5.605555555555555,-4.983333333333333,-7.32063492063492
140,-5.911111111111111,15.291062801932368,-5.605555555555555,-4.983333333333333,-7.32063492063492
141,-5.911111111111111,15.291062801932368,-5.605555555555555,-4.983333333333333,-7.32063492063492
142,-5.911111111111111,15.291062801932368,-5.605555555555555,-4.983333333333333,-7.32063492063492
143,-5.911111111111111,15.291062801932368,-5.605555555555555,-4.983333333333333,-7.32063492063492
144,-5.911111111111111,15.291062801932368,-5.605555555555555,-4.983333333333333,-7.32063492063492
145,-5.911111111111111,15.291062801932368,-5.605555555555555,-4.983333333333333,-7.32063492063492
146,-5.911111111111111,15.291062801932368,-5.605555555555555,-4.983333333333333,-7.32063492063492
147,-5.911111111111111,15.291062801932368,-5.605555555555555,-4.983333333333333,-7.32063492063492
148,-5.911111111111111,15.291062801932368,-5.605555555555555,-4.983333333333333,-7.32063492063492
149,-5.911111111111111,15.291062801932368,-5.605555555555555,-4.983333333333333,-7.32063492063492
150,-5.911111111111111,15.291062801932368,-5.605555555555555,-4.983333333333333,-7.32063492063492
151,-5.911111111111111,15.291062801932368,-5.605555555555555,-4.983333333333333,-7.32063492063492
152,-5.911111111111111,15.291062801932368,-5.605555555555555,-4.983333333333333,-7.32063492063492
153,-5.911111111111111,15.291062801932368,-5.605555555555555,-4.983333333333333,-7.32063492063492
154,-5.911111111111111,15.291062801932368,-5.605555555555555,-4.983333333333333,-7.32063492063492
155,-5.911111111111111,15.291062801932368,-5.605555555555555,-4.983333333333333,-7.32063492063492
156,-5.911111111111111,15.291062801932368,-5.605555555555555,-4.983333333333333,-7.32063492063492
157,-5.911111111111111,15.291062801932368,-5.605555555555555,-4.983333333333333,-7.32063492063492
158,-5.911111111111111,15.291062801932368,-5.605555555555555,-4.983333333333333,-7.32063492063492
159,-5.911111111111111,15.291062801932368,-5.605555555555555,-4.983333333333333,-7.32063492063492
160,-5.911111111111111,15.291062801932368,-5.605555555555555,-4.983333333333333,-7.32063492063492
161,-5.911111111111111,15.291062801932368,-5.605555555555555,-4.983333333333333,-7.32063492063492
162,-5.911111111111111,15.291062801932368,-5.605555555555555,-4.983333333333333,-7.32063492063492
163,-5.911111111111111,15.291062801932368,-5.605555555555555,-4.983333333333333,-7.32063492063492
164,-5.911111111111111,15.291062801932368,-5.605555555555555,-4.983333333333333,-7.32063492063492
165,-5.911111111111111,15.291062801932368,-5.605555555555555,-4.983333333333333,-7.32063492063492
166,-5.911111111111111,15.291062801932368,-5.605555555555555,-4.983333333333333,-7.32063492063492
167,-5.911111111111111,15.291062801932368,-5.605555555555555,-4.983333333333333,-7.32063492063492
168,-5.911111111111111,15.291062801932368,-5.605555555555555,-4.983333333333333,-7.32063492063492
169,-5.911111111111111,15.291062801932368,-5.605555555555555,-4.983333333333333,-7.32063492063492
170,-5.911111111111111,15.291062801932368,-5.605555555555555,-4.983333333333333,-7.32063492063492
171,-5.911111111111111,15.291062801932368,-5.605555555555555,-4.983333333333333,-7.32063492063492
172,-5.911111111111111,15.291062801932368,-5.605555555555555,-4.983333333333333,-7.32063492063492
173,-5.911111111111111,15.291062801932368,-5.605555555555555,-4.983333333333333,-7.32063492063492
174,-5.911111111111111,15.291062801932368,-5.605555555555555,-4.983333333333333,-7.32063492063492
175,-5.911111111111111,15.291062801932368,-5.605555555555555,-4.983333333333333,-7.32063492063492
176,-5.911111111111111,15.291062801932368,-5.605555555555555,-4.983333333333333,-7.32063492063492
177,-5.911111111111111,15.291062801932368,-5.605555555555555,-4.983333333333333,-7.32063492063492
178,-5.911111111111111,15.291062801932368,-5.605555555555555,-4.983333333333333,-7.32063492063492
179,-5.911111111111111,15.291062801932368,-5.605555555555555,-4.983333333333333,-7.32063492063492
180,-5.911111111111111,15.291062801932368,-5.605555555555555,-4.983333333333333,-7.32063492063492
181,-5.911111111111111,15.291062801932368,-5.605555555555555,-4.983333333333333,-7.32063492063492
182,-5.911111111111111,15.291062801932368,-5.605555555555555,-4.983333333333333,-7.32063492063492
183,-5.911111111111111,15.291062801932368,-5.605555555555555,-4.983333333333333,-7.32063492063492
184,-5.911111111111111,15.291062801932368,-5.605555555555555,-4.983333333333333,-7.32063492063492
185,-5.911111111111111,15.291062801932368,-5.605555555555555,-4.983333333333333,-7.32063492063492
186,-5.911111111111111,15.291062801932368,-5.605555555555555,-4.983333333333333,-7.32063492063492
187,-5.911111111111111,15.291062801932368,-5.605555555555555,-4.983333333333333,-7.32063492063492
188,-5.911111111111111,15.291062801932368,-5.605555555555555,-4.983333333333333,-7.32063492063492
189,-5.911111111111111,15.291062801932368,-5.605555555555555,-4.983333333333333,-7.32063492063492
190,-5.911111111111111,15.291062801932368,-5.605555555555555,-4.983333333333333,-7.32063492063492
191,-5.911111111111111,15.291062801932368,-5.605555555555555,-4.983333333333333,-7.32063492063492
192,-5.911111111111111,15.291062801932368,-5.605555555555555,-4.983333333333333,-7.32063492063492
193,-5.911111111111111,15.291062801932368,-5.605555555555555,-4.983333333333333,-7.32063492063492
194,-5.911111111111111,15.291062801932368,-5.605555555555555,-4.983333333333333,-7.32063492063492
195,-5.911111111111111,15.291062801932368,-5.605555555555555,-4.983333333333333,-7.32063492063492
196,-5.911111111111111,15.291062801932368,-5.605555555555555,-4.983333333333333,-7.32063492063492
197,-5.911111111111111,15.291062801932368,-5.605555555555555,-4.983333333333333,-7.32063492063492
198,-5.911111111111111,15.291062801932368,-5.605555555555555,-4.983333333333333,-7.32063492063492
199,-5.911111111111111,15.291062801932368,-5.605555555555555,-4.983333333333333,-7.32063492063492
200,-5.911111111111111,15.291062801932368,-5.605555555555555,-4.983333333333333,-7.32063492063492
201,-5.911111111111111,15.291062801932368,-5.605555555555555,-4.983333333333333,-7.32063492063492
202,-5.911111111111111,15.291062801932368,-5.605555555555555,-4.983333333333333,-7.32063492063492
203,-5.911111111111111,15.291062801932368,-5.605555555555555,-4.983333333333333,-7.32063492063492
204,-5.911111111111111,15.291062801932368,-5.605555555555555,-4.983333333333333,-7.32063492063492
205,-5.911111111111111,15.291062801932368,-5.605555555555555,-4.983333333333333,-7.32063492063492
206,-5.911111111111111,15.291062801932368,-5.605555555555555,-4.983333333333333,-7.32063492063492
207,-5.911111111111111,15.291062801932368,-5.605555555555555,-4.983333333333333,-7.32063492063492
208,-5.911111111111111,15.291062801932368,-5.605555555555555,-4.983333333333333,-7.32063492063492
209,-5.911111111111111,15.291062801932368,-5.605555555555555,-4.983333333333333,-7.32063492063492
210,-5.911111111111111,15.291062801932368,-5.605555555555555,-4.983333333333333,-7.32063492063492
211,-5.911111111111111,15.291062801932368,-5.605555555555555,-4.983333333333333,-7.32063492063492
212,-5.911111111111111,15.291062801932368,-5.605555555555555,-4.983333333333333,-7.32063492063492
213,-5.911111111111111,15.291062801932368,-5.605555555555555,-4.983333333333333,-7.32063492063492
214,-5.911111111111111,15.291062801932368,-5.605555555555555,-4.983333333333333,-7.32063492063492
215,-5.911111111111111,15.291062801932368,-5.605555555555555,-4.983333333333333,-7.32063492063492
216,-5.911111111111111,15.291062801932368,-5.605555555555555,-4.983333333333333,-7.32063492063492
217,-5.911111111111111,15.291062801932368,-5.605555555555555,-4.983333333333333,-7.32063492063492
218,-5.911111111111111,15.291062801932368,-5.605555555555555,-4.983333333333333,-7.32063492063492
219,-5.911111111111111,15.291062801932368,-5.605555555555555,-4.983333333333333,-7.32063492063492
220,-5.911111111111111,15.291062801932368,-5.605555555555555,-4.983333333333333,-7.32063492063492
221,-5.911111111111111,15.291062801932368,-5.605555555555555,-4.983333333333333,-7.32063492063492
222,-5.911111111111111,15.291062801932368,-5.605555555555555,-4.983333333333333,-7.32063492063492
223,-5.911111111111111,15.291062801932368,-5.605555555555555,-4.983333333333333,-7.32063492063492
224,-5.911111111111111,15.291062801932368,-5.605555555555555,-4.983333333333333,-7.32063492063492
225,-5.911111111111111,15.291062801932368,-5.605555555555555,-4.983333333333333,-7.32063492063492
226,-5.911111111111111,15.291062801932368,-5.605555555555555,-4.983333333333333,-7.32063492063492
227,-5.911111111111111,15.291062801932368,-5.605555555555555,-4.983333333333333,-7.32063492063492
228,-5.911111111111111,15.291062801932368,-5.605555555555555,-4.983333333333333,-7.32063492063492
229,-5.911111111111111,15.291062801932368,-5.605555555555555,-4.983333333333333,-7.32063492063492
230,-5.911111111111111,15.291062801932368,-5.605555555555555,-4.983333333333333,-7.32063492063492
231,-5.911111111111111,15.291062801932368,-5.605555555555555,-4.983333333333333,-7.32063492063492
232,-5.911111111111111,15.291062801932368,-5.605555555555555,-4.983333333333333,-7.32063492063492
233,-5.911111111111111,15.291062801932368,-5.605555555555555,-4.983333333333333,-7.32063492063492
234,-5.911111111111111,15.291062801932368,-5.605555555555555,-4.983333333333333,-7.32063492063492
235,-5.911111111111111,15.291062801932368,-5.605555555555555,-4.983333333333333,-7.32063492063492
236,-5.911111111111111,15.291062801932368,-5.605555555555555,-4.983333333333333,-7.32063492063492
237,-5.911111111111111,15.291062801932368,-5.605555555555555,-4.983333333333333,-7.32063492063492
238,-5.911111111111111,15.291062801932368,-5.605555555555555,-4.983333333333333,-7.32063492063492
239,-5.911111111111111,15.291062801932368,-5.605555555555555,-4.983333333333333,-7.32063492063492
240,-5.911111111111111,15.291062801932368,-5.605555555555555,-4.983333333333333,-7.32063492063492
241,-5.911111111111111,15.291062801932368,-5.605555555555555,-4.983333333333333,-7.32063492063492
242,-5.911111111111111,15.291062801932368,-5.605555555555555,-4.983333333333333,-7.32063492063492
243,-5.911111111111111,15.291062801932368,-5.605555555555555,-4.983333333333333,-7.32063492063492
244,-5.911111111111111,15.291062801932368,-5.605555555555555,-4.983333333333333,-7.32063492063492
245,-5.911111111111111,15.291062801932368,-5.605555555555555,-4.983333333333333,-7.32063492063492
246,-5.911111111111111,15.291062801932368,-5.605555555555555,-4.983333333333333,-7.32063492063492
247,-5.911111111111111,15.291062801932368,-5.605555555555555,-4.983333333333333,-7.32063492063492
248,-5.911111111111111,15.291062801932368,-5.605555555555555,-4.983333333333333,-7.32063492063492
249,-5.911111111111111,15.291062801932368,-5.605555555555555,-4.983333333333333,-7.32063492063492
250,-5.911111111111111,15.291062801932368,-5.605555555555555,-4.983333333333333,-7.32063492063492
251,-5.911111111111111,15.291062801932368,-5.605555555555555,-4.983333333333333,-7.32063492063492
252,-5.911111111111111,15.291062801932368,-5.605555555555555,-4.983333333333333,-7.32063492063492
253,-5.911111111111111,15.291062801932368,-5.605555555555555,-4.983333333333333,-7.32063492063492
254,-5.911111111111111,15.291062801932368,-5.605555555555555,-4.983333333333333,-7.32063492063492
255,-5.911111111111111,15.291062801932368,-5.605555555555555,-4.983333333333333,-7.32063492063492
256,-5.911111111111111,15.291062801932368,-5.605555555555555,-4.983333333333333,-7.32063492063492
257,-5.911111111111111,15.291062801932368,-5.605555555555555,-4.983333333333333,-7.32063492063492
258,-5.911111111111111,15.291062801932368,-5.605555555555555,-4.983333333333333,-7.32063492063492
259,-5.911111111111111,15.291062801932368,-5.605555555555555,-4.983333333333333,-7.32063492063492
260,-5.911111111111111,15.291062801932368,-5.605555555555555,-4.983333333333333,-7.32063492063492
261,-5.911111111111111,15.291062801932368,-5.605555555555555,-4.983333333333333,-7.32063492063492
262,-5.911111111111111,15.291062801932368,-5.605555555555555,-4.983333333333333,-7.32063492063492
263,-5.911111111111111,15.291062801932368,-5.605555555555555,-4.983333333333333,-7.32063492063492
264,-5.911111111111111,15.291062801932368,-5.605555555555555,-4.983333333333333,-7.32063492063492
265,-5.911111111111111,15.291062801932368,-5.605555555555555,-4.983333333333333,-7.32063492063492
266,-5.911111111111111,15.291062801932368,-5.605555555555555,-4.983333333333333,-7.32063492063492
267,-5.911111111111111,15.291062801932368,-5.605555555555555,-4.983333333333333,-7.32063492063492
268,-5.911111111111111,15.291062801932368,-5.605555555555555,-4.983333333333333,-7.32063492063492
269,-5.911111111111111,15.291062801932368,-5.605555555555555,-4.983333333333333,-7.32063492063492
270,-5.911111111111111,15.291062801932368,-5.605555555555555,-4.983333333333333,-7.32063492063492
271,-5.911111111111111,15.291062801932368,-5.605555555555555,-4.983333333333333,-7.32063492063492
272,-5.911111111111111,15.291062801932368,-5.605555555555555,-4.983333333333333,-7.32063492063492
273,-5.911111111111111,15.291062801932368,-5.605555555555555,-4.983333333333333,-7.32063492063492
274,-5.911111111111111,15.291062801932368,-5.605555555555555,-4.983333333333333,-7.32063492063492
275,-5.911111111111111,15.291062801932368,-5.605555555555555,-4.983333333333333,-7.32063492063492
276,-5.911111111111111,15.291062801932368,-5.605555555555555,-4.983333333333333,-7.32063492063492
277,-5.911111111111111,15.291062801932368,-5.605555555555555,-4.983333333333333,-7.32063492063492
278,-5.911111111111111,15.291062801932368,-5.605555555555555,-4.983333333333333,-7.32063492063492
279,-5.911111111111111,15.291062801932368,-5.605555555555555,-4.983333333333333,-7.32063492063492
280,-5.911111111111111,15.291062801932368,-5.605555555555555,-4.983333333333333,-7.32063492063492
281,-5.911111111111111,15.291062801932368,-5.605555555555555,-4.983333333333333,-7.32063492063492
282,-5.911111111111111,15.291062801932368,-5.605555555555555,-4.983333333333333,-7.32063492063492
283,-5.911111111111111,15.291062801932368,-5.605555555555555,-4.983333333333333,-7.32063492063492
284,-5.911111111111111,15.291062801932368,-5.605555555555555,-4.983333333333333,-7.32063492063492
285,-5.911111111111111,15.291062801932368,-5.605555555555555,-4.983333333333333,-7.32063492063492
286,-5.911111111111111,15.291062801932368,-5.605555555555555,-4.983333333333333,-7.32063492063492
287,-5.911111111111111,15.291062801932368,-5.605555555555555,-4.983333333333333,-7.32063492063492
288,-5.911111111111111,15.291062801932368,-5.605555555555555,-4.983333333333333,-7.32063492063492
289,-5.911111111111111,15.291062801932368,-5.605555555555555,-4.983333333333333,-7.32063492063492
290,-5.911111111111111,15.291062801932368,-5.605555555555555,-4.983333333333333,-7.32063492063492
291,-5.911111111111111,15.291062801932368,-5.605555555555555,-4.983333333333333,-7.32063492063492
292,-5.911111111111111,15.291062801932368,-5.605555555555555,-4.983333333333333,-7.32063492063492
293,-5.911111111111111,15.291062801932368,-5.605555555555555,-4.983333333333333,-7.32063492063492
294,-5.911111111111111,15.291062801932368,-5.605555555555555,-4.983333333333333,-7.32063492063492
295,-5.911111111111111,15.291062801932368,-5.605555555555555,-4.983333333333333,-7.32063492063492
296,-5.911111111111111,15.291062801932368,-5.605555555555555,-4.983333333333333,-7.32063492063492
297,-5.911111111111111,15.291062801932368,-5.605555555555555,-4.983333333333333,-7.32063492063492
298,-5.911111111111111,15.291062801932368,-5.605555555555555,-4.983333333333333,-7.32063492063492
299,-5.911111111111111,15.291062801932368,-5.605555555555555,-4.983333333333333,-7.32063492063492
300,-5.911111111111111,15.291062801932368,-5.605555555555555,-4.983333333333333,-7.32063492063492
301,-5.911111111111111,15.291062801932368,-5.605555555555555,-4.983333333333333,-7.32063492063492
302,-5.911111111111111,15.291062801932368,-5.605555555555555,-4.983333333333333,-7.32063492063492
303,-5.911111111111111,15.291062801932368,-5.605555555555555,-4.983333333333333,-7.32063492063492
304,-5.911111111111111,15.291062801932368,-5.605555555555555,-4.983333333333333,-7.32063492063492
305,-5.911111111111111,15.291062801932368,-5.605555555555555,-4.983333333333333,-7.32063492063492
306,-5.911111111111111,15.291062801932368,-5.605555555555555,-4.983333333333333,-7.32063492063492
307,-5.911111111111111,15.291062801932368,-5.605555555555555,-4.983333333333333,-7.32063492063492
308,-5.911111111111111,15.291062801932368,-5.605555555555555,-4.983333333333333,-7.32063492063492
309,-5.911111111111111,15.291062801932368,-5.605555555555555,-4.983333333333333,-7.32063492063492
310,-5.911111111111111,15.291062801932368,-5.605555555555555,-4.983333333333333,-7.32063492063492
311,-5.911111111111111,15.291062801932368,-5.605555555555555,-4.983333333333333,-7.32063492063492
312,-5.911111111111111,15.291062801932368,-5.605555555555555,-4.983333333333333,-7.32063492063492
313,-5.911111111111111,15.291062801932368,-5.605555555555555,-4.983333333333333,-7.32063492063492
314,-5.911111111111111,15.291062801932368,-5.605555555555555,-4.983333333333333,-7.32063492063492
315,-5.911111111111111,15.291062801932368,-5.605555555555555,-4.983333333333333,-7.32063492063492
316,-5.911111111111111,15.291062801932368,-5.605555555555555,-4.983333333333333,-7.32063492063492
317,-5.911111111111111,15.291062801932368,-5.605555555555555,-4.983333333333333,-7.32063492063492
318,-5.911111111111111,15.291062801932368,-5.605555555555555,-4.983333333333333,-7.32063492063492
319,-5.911111111111111,15.291062801932368,-5.605555555555555,-4.983333333333333,-7.32063492063492
320,-5.911111111111111,15.291062801932368,-5.605555555555555,-4.983333333333333,-7.32063492063492
321,-5.911111111111111,15.291062801932368,-5.605555555555555,-4.983333333333333,-7.32063492063492
322,-5.911111111111111,15.291062801932368,-5.605555555555555,-4.983333333333333,-7.32063492063492
323,-5.911111111111111,15.291062801932368,-5.605555555555555,-4.983333333333333,-7.32063492063492
324,-5.911111111111111,15.291062801932368,-5.605555555555555,-4.983333333333333,-7.32063492063492
325,-5.911111111111111,15.291062801932368,-5.605555555555555,-4.983333333333333,-7.32063492063492
326,-5.911111111111111,15.291062801932368,-5.605555555555555,-4.983333333333333,-7.32063492063492
327,-5.911111111111111,15.291062801932368,-5.605555555555555,-4.983333333333333,-7.32063492063492
328,-5.911111111111111,15.291062801932368,-5.605555555555555,-4.983333333333333,-7.32063492063492
329,-5.911111111111111,15.291062801932368,-5.605555555555555,-4.983333333333333,-7.32063492063492
330,-5.911111111111111,15.291062801932368,-5.605555555555555,-4.983333333333333,-7.32063492063492
331,-5.911111111111111,15.291062801932368,-5.605555555555555,-4.983333333333333,-7.32063492063492
332,-5.911111111111111,15.291062801932368,-5.605555555555555,-4.983333333333333,-7.32063492063492
333,-5.911111111111111,15.291062801932368,-5.605555555555555,-4.983333333333333,-7.32063492063492
334,-5.911111111111111,15.291062801932368,-5.605555555555555,-4.983333333333333,-7.32063492063492
335,-5.911111111111111,15.291062801932368,-5.605555555555555,-4.983333333333333,-7.32063492063492
336,-5.911111111111111,15.291062801932368,-5.605555555555555,-4.983333333333333,-7.32063492063492
337,-5.911111111111111,15.291062801932368,-5.605555555555555,-4.983333333333333,-7.32063492063492
338,-5.911111111111111,15.291062801932368,-5.605555555555555,-4.983333333333333,-7.32063492063492
339,-5.911111111111111,15.291062801932368,-5.605555555555555,-4.983333333333333,-7.32063492063492
340,-5.911111111111111,15.291062801932368,-5.605555555555555,-4.983333333333333,-7.32063492063492
341,-5.911111111111111,15.291062801932368,-5.605555555555555,-4.983333333333333,-7.32063492063492
342,-5.911111111111111,15.291062801932368,-5.605555555555555,-4.983333333333333,-7.32063492063492
343,-5.911111111111111,15.291062801932368,-5.605555555555555,-4.983333333333333,-7.32063492063492
344,-5.911111111111111,15.291062801932368,-5.605555555555555,-4.983333333333333,-7.32063492063492
345,-5.911111111111111,15.291062801932368,-5.605555555555555,-4.983333333333333,-7.32063492063492
346,-5.911111111111111,15.291062801932368,-5.605555555555555,-4.983333333333333,-7.32063492063492
347,-5.911111111111111,15.291062801932368,-5.605555555555555,-4.983333333333333,-7.32063492063492
348,-5.911111111111111,15.291062801932368,-5.605555555555555,-4.983333333333333,-7.32063492063492
349,-5.911111111111111,15.291062801932368,-5.605555555555555,-4.983333333333333,-7.32063492063492
350,-5.911111111111111,15.291062801932368,-5.605555555555555,-4.983333333333333,-7.32063492063492
351,-5.911111111111111,15.291062801932368,-5.605555555555555,-4.983333333333333,-7.32063492063492
352,-5.911111111111111,15.291062801932368,-5.605555555555555,-4.983333333333333,-7.32063492063492
353,-5.911111111111111,15.291062801932368,-5.605555555555555,-4.983333333333333,-7.32063492063492
354,-5.911111111111111,15.291062801932368,-5.605555555555555,-4.983333333333333,-7.32063492063492
355,-5.911111111111111,15.291062801932368,-5.605555555555555,-4.983333333333333,-7.32063492063492
356,-5.911111111111111,15.291062801932368,-5.605555555555555,-4.983333333333333,-7.32063492063492
357,-5.911111111111111,15.291062801932368,-5.605555555555555,-4.983333333333333,-7.32063492063492
358,-5.911111111111111,15.291062801932368,-5.605555555555555,-4.983333333333333,-7.32063492063492
359,-5.911111111111111,15.291062801932368,-5.605555555555555,-4.983333333333333,-7.32063492063492
360,-5.911111111111111,15.291062801932368,-5.605555555555555,-4.983333333333333,-7.32063492063492
361,-5.911111111111111,15.291062801932368,-5.605555555555555,-4.983333333333333,-7.32063492063492
362,-5.911111111111111,15.291062801932368,-5.605555555555555,-4.983333333333333,-7.32063492063492
363,-5.911111111111111,15.291062801932368,-5.605555555555555,-4.983333333333333,-7.32063492063492
364,-5.911111111111111,15.291062801932368,-5.605555555555555,-4.983333333333333,-7.32063492063492
365,-5.911111111111111,15.291062801932368,-5.605555555555555,-4.983333333333333,-7.32063492063492
366,-5.911111111111111,15.291062801932368,-5.605555555555555,-4.983333333333333,-7.32063492063492
367,-5.911111111111111,15.291062801932368,-5.605555555555555,-4.983333333333333,-7.32063492063492
368,-5.911111111111111,15.291062801932368,-5.605555555555555,-4.983333333333333,-7.32063492063492
369,-5.911111111111111,15.291062801932368,-5.605555555555555,-4.983333333333333,-7.32063492063492
370,-5.911111111111111,15.291062801932368,-5.605555555555555,-4.983333333333333,-7.32063492063492
371,-5.911111111111111,15.291062801932368,-5.605555555555555,-4.983333333333333,-7.32063492063492
372,-5.911111111111111,15.291062801932368,-5.605555555555555,-4.983333333333333,-7.32063492063492
373,-5.911111111111111,15.291062801932368,-5.605555555555555,-4.983333333333333,-7.32063492063492
374,-5.911111111111111,15.291062801932368,-5.605555555555555,-4.983333333333333,-7.32063492063492
375,-5.911111111111111,15.291062801932368,-5.605555555555555,-4.983333333333333,-7.32063492063492
376,-5.911111111111111,15.291062801932368,-5.605555555555555,-4.983333333333333,-7.32063492063492
377,-5.911111111111111,15.291062801932368,-5.605555555555555,-4.983333333333333,-7.32063492063492
378,-5.911111111111111,15.291062801932368,-5.605555555555555,-4.983333333333333,-7.32063492063492
379,-5.911111111111111,15.291062801932368,-5.605555555555555,-4.983333333333333,-7.32063492063492
380,-5.911111111111111,15.291062801932368,-5.605555555555555,-4.983333333333333,-7.32063492063492
381,-5.911111111111111,15.291062801932368,-5.605555555555555,-4.983333333333333,-7.32063492063492
382,-5.911111111111111,15.291062801932368,-5.605555555555555,-4.983333333333333,-7.32063492063492
383,-5.911111111111111,15.291062801932368,-5.605555555555555,-4.983333333333333,-7.32063492063492
384,-5.911111111111111,15.291062801932368,-5.605555555555555,-4.983333333333333,-7.32063492063492
385,-5.911111111111111,15.291062801932368,-5.605555555555555,-4.983333333333333,-7.32063492063492
386,-5.911111111111111,15.291062801932368,-5.605555555555555,-4.983333333333333,-7.32063492063492
387,-5.911111111111111,15.291062801932368,-5.605555555555555,-4.983333333333333,-7.32063492063492
388,-5.911111111111111,15.291062801932368,-5.605555555555555,-4.983333333333333,-7.32063492063492
389,-5.911111111111111,15.291062801932368,-5.605555555555555,-4.983333333333333,-7.32063492063492
390,-5.911111111111111,15.291062801932368,-5.605555555555555,-4.983333333333333,-7.32063492063492
391,-5.911111111111111,15.291062801932368,-5.605555555555555,-4.983333333333333,-7.32063492063492
392,-5.911111111111111,15.291062801932368,-5.605555555555555,-4.983333333333333,-7.32063492063492
393,-5.911111111111111,15.291062801932368,-5.605555555555555,-4.983333333333333,-7.32063492063492
394,-5.911111111111111,15.291062801932368,-5.605555555555555,-4.983333333333333,-7.32063492063492
395,-5.911111111111111,15.291062801932368,-5.605555555555555,-4.983333333333333,-7.32063492063492
396,-5.911111111111111,15.291062801932368,-5.605555555555555,-4.983333333333333,-7.32063492063492
397,-5.911111111111111,15.291062801932368,-5.605555555555555,-4.983333333333333,-7.32063492063492
398,-5.911111111111111,15.291062801932368,-5.605555555555555,-4.983333333333333,-7.32063492063492
399,-5.911111111111111,15.291062801932368,-5.605555555555555,-4.983333333333333,-7.32063492063492
400,-5.911111111111111,15.291062801932368,-5.605555555555555,-4.983333333333333,-7.32063492063492
401,-5.911111111111111,15.291062801932368,-5.605555555555555,-4.983333333333333,-7.32063492063492
402,-5.911111111111111,15.291062801932368,-5.605555555555555,-4.983333333333333,-7.32063492063492
403,-5.911111111111111,15.291062801932368,-5.605555555555555,-4.983333333333333,-7.32063492063492
404,-5.911111111111111,15.291062801932368,-5.605555555555555,-4.983333333333333,-7.32063492063492
405,-5.911111111111111,15.291062801932368,-5.605555555555555,-4.983333333333333,-7.32063492063492
406,-5.911111111111111,15.291062801932368,-5.605555555555555,-4.983333333333333,-7.32063492063492
407,-5.911111111111111,15.291062801932368,-5.605555555555555,-4.983333333333333,-7.32063492063492
408,-5.911111111111111,15.291062801932368,-5.605555555555555,-4.983333333333333,-7.32063492063492
409,-5.911111111111111,15.291062801932368,-5.605555555555555,-4.983333333333333,-7.32063492063492
410,-5.911111111111111,15.291062801932368,-5.605555555555555,-4.983333333333333,-7.32063492063492
411,-5.911111111111111,15.291062801932368,-5.605555555555555,-4.983333333333333,-7.32063492063492
412,-5.911111111111111,15.291062801932368,-5.605555555555555,-4.983333333333333,-7.32063492063492
413,-5.911111111111111,15.291062801932368,-5.605555555555555,-4.983333333333333,-7.32063492063492
414,-5.911111111111111,15.291062801932368,-5.605555555555555,-4.983333333333333,-7.32063492063492
415,-5.911111111111111,15.291062801932368,-5.605555555555555,-4.983333333333333,-7.32063492063492
416,-5.911111111111111,15.291062801932368,-5.605555555555555,-4.983333333333333,-7.32063492063492
417,-5.911111111111111,15.291062801932368,-5.605555555555555,-4.983333333333333,-7.32063492063492
418,-5.911111111111111,15.291062801932368,-5.605555555555555,-4.983333333333333,-7.32063492063492
419,-5.911111111111111,15.291062801932368,-5.605555555555555,-4.983333333333333,-7.32063492063492
420,-5.911111111111111,15.291062801932368,-5.605555555555555,-4.983333333333333,-7.32063492063492
421,-5.911111111111111,15.291062801932368,-5.605555555555555,-4.983333333333333,-7.32063492063492
422,-5.911111111111111,15.291062801932368,-5.605555555555555,-4.983333333333333,-7.32063492063492
423,-5.911111111111111,15.291062801932368,-5.605555555555555,-4.983333333333333,-7.32063492063492
424,-5.911111111111111,15.291062801932368,-5.605555555555555,-4.983333333333333,-7.32063492063492
425,-5.911111111111111,15.291062801932368,-5.605555555555555,-4.983333333333333,-7.32063492063492
426,-5.911111111111111,15.291062801932368,-5.605555555555555,-4.983333333333333,-7.32063492063492
427,-5.911111111111111,15.291062801932368,-5.605555555555555,-4.983333333333333,-7.32063492063492
428,-5.911111111111111,15.291062801932368,-5.605555555555555,-4.983333333333333,-7.32063492063492
429,-5.911111111111111,15.291062801932368,-5.605555555555555,-4.983333333333333,-7.32063492063492
430,-5.911111111111111,15.291062801932368,-5.605555555555555,-4.983333333333333,-7.32063492063492
431,-5.911111111111111,15.291062801932368,-5.605555555555555,-4.983333333333333,-7.32063492063492
432,-5.911111111111111,15.291062801932368,-5.605555555555555,-4.983333333333333,-7.32063492063492
433,-5.911111111111111,15.291062801932368,-5.605555555555555,-4.983333333333333,-7.32063492063492
434,-5.911111111111111,15.291062801932368,-5.605555555555555,-4.983333333333333,-7.32063492063492
435,-5.911111111111111,15.291062801932368,-5.605555555555555,-4.983333333333333,-7.32063492063492
436,-5.911111111111111,15.291062801932368,-5.605555555555555,-4.983333333333333,-7.32063492063492
437,-5.911111111111111,15.291062801932368,-5.605555555555555,-4.983333333333333,-7.32063492063492
438,-5.911111111111111,15.291062801932368,-5.605555555555555,-4.983333333333333,-7.32063492063492
439,-5.911111111111111,15.291062801932368,-5.605555555555555,-4.983333333333333,-7.32063492063492
440,-5.911111111111111,15.291062801932368,-5.605555555555555,-4.983333333333333,-7.32063492063492
441,-5.911111111111111,15.291062801932368,-5.605555555555555,-4.983333333333333,-7.32063492063492
442,-5.911111111111111,15.291062801932368,-5.605555555555555,-4.983333333333333,-7.32063492063492
443,-5.911111111111111,15.291062801932368,-5.605555555555555,-4.983333333333333,-7.32063492063492
444,-5.911111111111111,15.291062801932368,-5.605555555555555,-4.983333333333333,-7.32063492063492
445,-5.911111111111111,15.291062801932368,-5.605555555555555,-4.983333333333333,-7.32063492063492
446,-5.911111111111111,15.291062801932368,-5.605555555555555,-4.983333333333333,-7.32063492063492
447,-5.911111111111111,15.291062801932368,-5.605555555555555,-4.983333333333333,-7.32063492063492
448,-5.911111111111111,15.291062801932368,-5.605555555555555,-4.983333333333333,-7.32063492063492
449,-5.911111111111111,15.291062801932368,-5.605555555555555,-4.983333333333333,-7.32063492063492
450,-5.911111111111111,15.291062801932368,-5.605555555555555,-4.983333333333333,-7.32063492063492
451,-5.911111111111111,15.291062801932368,-5.605555555555555,-4.983333333333333,-7.32063492063492
452,-5.911111111111111,15.291062801932368,-5.605555555555555,-4.983333333333333,-7.32063492063492
453,-5.911111111111111,15.291062801932368,-5.605555555555555,-4.983333333333333,-7.32063492063492
454,-5.911111111111111,15.291062801932368,-5.605555555555555,-4.983333333333333,-7.32063492063492
455,-5.911111111111111,15.291062801932368,-5.605555555555555,-4.983333333333333,-7.32063492063492
456,-5.911111111111111,15.291062801932368,-5.605555555555555,-4.983333333333333,-7.32063492063492
457,-5.911111111111111,15.291062801932368,-5.605555555555555,-4.983333333333333,-7.32063492063492
458,-5.911111111111111,15.291062801932368,-5.605555555555555,-4.983333333333333,-7.32063492063492
459,-5.911111111111111,15.291062801932368,-5.605555555555555,-4.983333333333333,-7.32063492063492
460,-5.911111111111111,15.291062801932368,-5.605555555555555,-4.983333333333333,-7.32063492063492
461,-5.911111111111111,15.291062801932368,-5.605555555555555,-4.983333333333333,-7.32063492063492
462,-5.911111111111111,15.291062801932368,-5.605555555555555,-4.983333333333333,-7.32063492063492
463,-5.911111111111111,15.291062801932368,-5.605555555555555,-4.983333333333333,-7.32063492063492
464,-5.911111111111111,15.291062801932368,-5.605555555555555,-4.983333333333333,-7.32063492063492
465,-5.911111111111111,15.291062801932368,-5.605555555555555,-4.983333333333333,-7.32063492063492
466,-5.911111111111111,15.291062801932368,-5.605555555555555,-4.983333333333333,-7.32063492063492
467,-5.911111111111111,15.291062801932368,-5.605555555555555,-4.983333333333333,-7.32063492063492
468,-5.911111111111111,15.291062801932368,-5.605555555555555,-4.983333333333333,-7.32063492063492
469,-5.911111111111111,15.291062801932368,-5.605555555555555,-4.983333333333333,-7.32063492063492
470,-5.911111111111111,15.291062801932368,-5.605555555555555,-4.983333333333333,-7.32063492063492
471,-5.911111111111111,15.291062801932368,-5.605555555555555,-4.983333333333333,-7.32063492063492
472,-5.911111111111111,15.291062801932368,-5.605555555555555,-4.983333333333333,-7.32063492063492
473,-5.911111111111111,15.291062801932368,-5.605555555555555,-4.983333333333333,-7.32063492063492
474,-5.911111111111111,15.291062801932368,-5.605555555555555,-4.983333333333333,-7.32063492063492
475,-5.911111111111111,15.291062801932368,-5.605555555555555,-4.983333333333333,-7.32063492063492
476,-5.911111111111111,15.291062801932368,-5.605555555555555,-4.983333333333333,-7.32063492063492
477,-5.911111111111111,15.291062801932368,-5.605555555555555,-4.983333333333333,-7.32063492063492
478,-5.911111111111111,15.291062801932368,-5.605555555555555,-4.983333333333333,-7.32063492063492
479,-5.911111111111111,15.291062801932368,-5.605555555555555,-4.983333333333333,-7.32063492063492
480,-5.911111111111111,15.291062801932368,-5.605555555555555,-4.983333333333333,-7.32063492063492
481,-5.911111111111111,15.291062801932368,-5.605555555555555,-4.983333333333333,-7.32063492063492
482,-5.911111111111111,15.291062801932368,-5.605555555555555,-4.983333333333333,-7.32063492063492
483,-5.911111111111111,15.291062801932368,-5.605555555555555,-4.983333333333333,-7.32063492063492
484,-5.911111111111111,15.291062801932368,-5.605555555555555,-4.983333333333333,-7.32063492063492
485,-5.911111111111111,15.291062801932368,-5.605555555555555,-4.983333333333333,-7.32063492063492
486,-5.911111111111111,15.291062801932368,-5.605555555555555,-4.983333333333333,-7.32063492063492
487,-5.911111111111111,15.291062801932368,-5.605555555555555,-4.983333333333333,-7.32063492063492
488,-5.911111111111111,15.291062801932368,-5.605555555555555,-4.983333333333333,-7.32063492063492
489,-5.911111111111111,15.291062801932368,-5.605555555555555,-4.983333333333333,-7.32063492063492
490,-5.911111111111111,15.291062801932368,-5.605555555555555,-4.983333333333333,-7.32063492063492
491,-5.911111111111111,15.291062801932368,-5.605555555555555,-4.983333333333333,-7.32063492063492
492,-5.911111111111111,15.291062801932368,-5.605555555555555,-4.983333333333333,-7.32063492063492
493,-5.911111111111111,15.291062801932368,-5.605555555555555,-4.983333333333333,-7.32063492063492
494,-5.911111111111111,15.291062801932368,-5.605555555555555,-4.983333333333333,-7.32063492063492
495,-5.911111111111111,15.291062801932368,-5.605555555555555,-4.983333333333333,-7.32063492063492
496,-5.911111111111111,15.291062801932368,-5.605555555555555,-4.983333333333333,-7.32063492063492
497,-5.911111111111111,15.291062801932368,-5.605555555555555,-4.983333333333333,-7.32063492063492
498,-5.911111111111111,15.291062801932368,-5.605555555555555,-4.983333333333333,-7.32063492063492
499,-5.911111111111111,15.291062801932368,-5.605555555555555,-4.983333333333333,-7.32063492063492
