epoch,mean_reward,r_morning,r_off,r_evening,pg_loss,v_loss,ood_size
0,-2.4731481075286865,-2.440711462450593,-2.1944444444444446,-3.0186915887850465,7.054323196411133,1906.4832763671875,1080
1,-2.3009259700775146,-2.0962406015037596,-2.5972222222222223,-2.8363636363636364,6.234745502471924,1573.6727294921875,1080
2,-2.1824073791503906,-1.9875,-2.5722222222222224,0,5.554297924041748,1452.9666748046875,1080
3,-2.123148202896118,-2.1555555555555554,-2.058333333333333,0,5.460193157196045,1252.6129150390625,1080
4,-2.2898147106170654,-2.4158878504672896,-2.011111111111111,-2.5384615384615383,6.542120933532715,1485.2650146484375,1080
5,-2.2509260177612305,-2.2519083969465647,-1.9861111111111112,-2.7346938775510203,-2.9320056438446045,1536.9698486328125,0
6,-2.071296215057373,-1.9274873524451939,-2.147222222222222,-2.52755905511811,4.40812873840332,993.4642333984375,1080
7,-2.1481480598449707,-1.9472222222222222,-2.55,0,4.833146095275879,1259.4676513671875,1080
8,-2.120370388031006,-2.138888888888889,-2.0833333333333335,0,4.455801963806152,1125.9622802734375,1080
9,-2.0879628658294678,-2.142857142857143,-1.913888888888889,-3.3,3.9955098628997803,901.3001708984375,1080
10,-2.217592477798462,-2.2319109461966606,-2.013888888888889,-2.5801104972375692,-1.8903133869171143,1054.9610595703125,0
11,-2.069444417953491,-1.8797127468581687,-2.1638888888888888,-2.5092024539877302,3.235229015350342,914.1541748046875,1080
12,-1.95462965965271,-1.7666666666666666,-2.3305555555555557,0,2.0489614009857178,531.7825317382812,1080
13,-1.9027777910232544,-1.9069444444444446,-1.8944444444444444,0,1.3238723278045654,587.9699096679688,1080
14,-2.0888888835906982,-2.143065693430657,-1.9111111111111112,-2.857142857142857,2.7802059650421143,719.7915649414062,1080
15,-1.9722222089767456,-1.9162112932604736,-1.8416666666666666,-2.426900584795322,0.19883207976818085,690.2005004882812,0
16,-1.9694443941116333,-1.783828382838284,-2.077777777777778,-2.6140350877192984,1.1458896398544312,537.0137939453125,1080
17,-1.9435185194015503,-1.7375,-2.3555555555555556,0,0.7309077382087708,574.3070068359375,1080
18,-1.9074074029922485,-1.976388888888889,-1.7694444444444444,0,0.1571178287267685,527.0433959960938,1080
19,-1.9935184717178345,-2.045741324921136,-1.7583333333333333,-2.5930232558139537,0.8108006715774536,611.6093139648438,1080
20,-1.9175926446914673,-1.940754039497307,-1.738888888888889,-2.233128834355828,-1.8983062505722046,785.1239624023438,1080
21,-1.960185170173645,-1.7782738095238095,-2.2333333333333334,-2.4583333333333335,0.1481045037508011,526.937255859375,1080
22,-1.8888888359069824,-1.7902777777777779,-2.0861111111111112,0,-0.7284536957740784,475.5869445800781,1080
23,-1.9675925970077515,-2.0083333333333333,-1.886111111111111,0,-0.08436966687440872,539.3007202148438,0
24,-1.9981482028961182,-2.0,-1.7861111111111112,-2.5033557046979866,0.16090136766433716,710.6644287109375,1080
25,-1.9222222566604614,-1.8566176470588236,-1.7666666666666666,-2.4431818181818183,-2.019986391067505,795.78564453125,1080
26,-1.8981481790542603,-1.7774647887323944,-2.1416666666666666,-1.7,-0.8010846376419067,500.2026672363281,1080
27,-1.8203703165054321,-1.7944444444444445,-1.8722222222222222,0,-1.5548171997070312,555.870361328125,1080
28,-1.9120370149612427,-2.0199430199430197,-1.6694444444444445,-2.5555555555555554,-0.4671468436717987,595.2280883789062,1080
29,-1.9064815044403076,-1.89009009009009,-1.738888888888889,-2.327272727272727,1.0336142778396606,895.1140747070312,0
30,-1.869444489479065,-1.78369384359401,-1.8777777777777778,-2.277310924369748,-0.6438494920730591,524.869140625,1080
31,-1.8129630088806152,-1.6805555555555556,-2.077777777777778,0,-0.9960029125213623,553.625,1080
32,-1.8175926208496094,-1.8625,-1.7277777777777779,0,-0.6488451957702637,515.7847900390625,1080
33,-1.9333332777023315,-1.9483333333333333,-1.7694444444444444,-2.35,0.5976219773292542,556.9052734375,1080
34,-1.8851852416992188,-1.8282097649186257,-1.7944444444444445,-2.269461077844311,-1.2180097103118896,751.7105712890625,1080
35,-1.8277777433395386,-1.6676136363636365,-2.1333333333333333,-2.0,0.019636917859315872,439.7775573730469,1080
36,-1.8009259700775146,-1.7541666666666667,-1.8944444444444444,0,-0.008692094124853611,485.04547119140625,1080
37,-1.9787037372589111,-2.0127298444130126,-1.8888888888888888,-2.6153846153846154,2.1458091735839844,749.10888671875,1080
38,-1.9296296834945679,-1.8940754039497307,-1.8027777777777778,-2.331288343558282,0.39246177673339844,834.73193359375,0
39,-1.8305555582046509,-1.6943521594684385,-1.9111111111111112,-2.2796610169491527,0.8133822083473206,499.0071716308594,1080
40,-1.8259259462356567,-1.6666666666666667,-2.1444444444444444,0,0.9420527815818787,513.144775390625,1080
41,-1.8416666984558105,-1.8763888888888889,-1.7722222222222221,0,1.0988895893096924,520.257568359375,1080
42,-2.008333444595337,-2.0098360655737704,-1.8777777777777778,-2.4272727272727272,2.8680593967437744,844.84521484375,1080
43,-1.8462963104248047,-1.8086642599277978,-1.75,-2.180722891566265,-0.31294864416122437,754.4653930664062,1080
44,-1.889814853668213,-1.7586206896551724,-2.1527777777777777,-1.75,1.687068223953247,591.719970703125,1080
45,-1.796296238899231,-1.7583333333333333,-1.8722222222222222,0,0.710226833820343,548.946044921875,1080
46,-1.8259259462356567,-1.8633193863319386,-1.7472222222222222,-2.3333333333333335,1.047431230545044,596.9990844726562,1080
47,-1.900925874710083,-1.9183303085299455,-1.7027777777777777,-2.2662721893491122,0.08462817221879959,816.3753662109375,0
48,-1.869444489479065,-1.782905982905983,-1.85,-2.2962962962962963,1.2127110958099365,486.0384826660156,1080
49,-1.8129630088806152,-1.6236111111111111,-2.191666666666667,0,0.45051851868629456,526.8204956054688,1080
50,-1.79537034034729,-1.8625,-1.6611111111111112,0,0.23594903945922852,501.0215148925781,1080
51,-1.9648147821426392,-1.9968404423380726,-1.7972222222222223,-2.425287356321839,1.9124757051467896,798.2134399414062,1080
52,-1.9194444417953491,-1.908273381294964,-1.7805555555555554,-2.2621951219512195,-0.523237943649292,844.5887451171875,1080
53,-1.8027777671813965,-1.6721311475409837,-1.9833333333333334,-2.2653061224489797,-0.05920804664492607,444.73272705078125,1080
54,-1.7629629373550415,-1.6847222222222222,-1.9194444444444445,0,-0.5258594751358032,481.4852600097656,1080
55,-1.8842592239379883,-1.948611111111111,-1.7555555555555555,0,0.7218427062034607,583.94677734375,1080
56,-1.9296296834945679,-1.9767441860465116,-1.7333333333333334,-2.2049689440993787,0.1262788474559784,809.7564697265625,0
57,-1.8620370626449585,-1.8246527777777777,-1.725,-2.3541666666666665,0.3943426311016083,519.2249145507812,1080
58,-1.7972222566604614,-1.6319444444444444,-2.1277777777777778,0,-0.2953093349933624,546.7650756835938,1080
59,-1.7768518924713135,-1.8222222222222222,-1.6861111111111111,0,-0.4512077867984772,556.175048828125,1080
60,-1.9379630088806152,-2.037325038880249,-1.6527777777777777,-2.4415584415584415,1.2194366455078125,647.7044067382812,1080
61,-1.8870370388031006,-1.8605072463768115,-1.7361111111111112,-2.2976190476190474,-0.957108736038208,872.0029907226562,1080
62,-1.8462963104248047,-1.728527607361963,-1.9916666666666667,-2.2058823529411766,0.15291643142700195,516.2069091796875,1080
63,-1.810185194015503,-1.7361111111111112,-1.9583333333333333,0,0.002944499719887972,508.6536560058594,1080
64,-1.875,-1.9388888888888889,-1.7472222222222222,0,-0.04485892131924629,528.9957885742188,0
65,-1.9101852178573608,-1.9126559714795008,-1.7222222222222223,-2.3270440251572326,1.2845749855041504,692.8208618164062,1080
66,-1.8509259223937988,-1.8447653429602888,-1.711111111111111,-2.174698795180723,0.23314210772514343,574.2761840820312,1080
67,-1.8675925731658936,-1.7333333333333334,-2.136111111111111,0,0.8215049505233765,540.076171875,1080
68,-1.8398147821426392,-1.863888888888889,-1.7916666666666667,0,0.4993140399456024,620.34912109375,1080
69,-1.9898147583007812,-2.0576923076923075,-1.8055555555555556,-2.4545454545454546,1.9708634614944458,625.7395629882812,1080
70,-1.8425925970077515,-1.8856624319419237,-1.5972222222222223,-2.224852071005917,0.26250123977661133,900.48193359375,0
71,-1.8777778148651123,-1.7424,-1.9777777777777779,-2.389473684210526,0.614231288433075,528.8909912109375,1080
72,-1.789814829826355,-1.6652777777777779,-2.0388888888888888,0,-0.36304906010627747,488.8530578613281,1080
73,-1.8675925731658936,-1.898611111111111,-1.8055555555555556,0,-0.08858692646026611,517.1526489257812,0
74,-1.9481481313705444,-1.9624573378839592,-1.7805555555555554,-2.3358208955223883,1.061213731765747,626.7944946289062,1080
75,-1.8018518686294556,-1.7517857142857143,-1.7305555555555556,-2.1375,-1.9561488628387451,770.2940673828125,1080
76,-1.7925926446914673,-1.6625,-2.0527777777777776,0,-0.728935182094574,472.8863220214844,1080
77,-1.7361111640930176,-1.7347222222222223,-1.738888888888889,0,-1.2603448629379272,518.4754638671875,1080
78,-1.849074125289917,-1.8848484848484848,-1.7027777777777777,-2.3333333333333335,-0.031703121960163116,628.4931030273438,1080
79,-1.8657407760620117,-1.8701067615658362,-1.7083333333333333,-2.2088607594936707,-1.6056245565414429,840.69482421875,1080
80,-1.7999999523162842,-1.702865761689291,-1.9305555555555556,-2.1052631578947367,-0.4338017702102661,477.39593505859375,1080
81,-1.729629635810852,-1.6611111111111112,-1.8666666666666667,0,-1.1248414516448975,510.58148193359375,1080
82,-1.8268518447875977,-1.875,-1.7305555555555556,0,0.13915932178497314,488.8929443359375,1080
83,-1.915740728378296,-1.9476439790575917,-1.761111111111111,-2.1700680272108843,0.03358956053853035,876.1651611328125,0
84,-1.809259295463562,-1.693053311793215,-1.9027777777777777,-2.1881188118811883,0.19664661586284637,531.3219604492188,1080
85,-1.7601852416992188,-1.6611111111111112,-1.9583333333333333,0,-0.2523539066314697,499.69976806640625,1080
86,-1.774999976158142,-1.8208333333333333,-1.6833333333333333,0,-0.07538436353206635,499.3397521972656,0
87,-1.8472222089767456,-1.8674911660777385,-1.7027777777777777,-2.1103896103896105,-0.8142793774604797,813.1217041015625,1080
88,-1.8259259462356567,-1.7912280701754386,-1.7166666666666666,-2.22,0.7486405968666077,510.89935302734375,1080
89,-1.7722222805023193,-1.6347222222222222,-2.047222222222222,0,0.23642896115779877,507.4766845703125,1080
90,-1.7407407760620117,-1.801388888888889,-1.6194444444444445,0,0.006508644670248032,522.737060546875,1080
91,-1.9092592000961304,-1.9641693811074918,-1.6972222222222222,-2.311320754716981,1.8391094207763672,744.0775756835938,1080
92,-1.8250000476837158,-1.8336283185840707,-1.6805555555555556,-2.129032258064516,-0.6790198087692261,765.566162109375,1080
93,-1.7657407522201538,-1.6555090655509066,-2.0,0.0,0.3382776081562042,485.3575439453125,1080
94,-1.7166666984558105,-1.7041666666666666,-1.7416666666666667,0,-0.10678412020206451,468.1404113769531,1080
95,-1.8509259223937988,-1.8805309734513274,-1.725,-2.4523809523809526,1.2629376649856567,603.1981811523438,1080
96,-1.8444443941116333,-1.875219683655536,-1.7027777777777777,-2.066225165562914,-0.43252697587013245,753.6556396484375,1080
97,-1.7814815044403076,-1.6731927710843373,-1.925,-2.142857142857143,0.6535887122154236,478.8348693847656,1080
98,-1.7388888597488403,-1.663888888888889,-1.8888888888888888,0,0.0928124487400055,486.6534118652344,1080
99,-1.8055555820465088,-1.8736111111111111,-1.6694444444444445,0,0.9118067026138306,545.7158813476562,1080
100,-1.8666666746139526,-1.8450704225352113,-1.738888888888889,-2.25,0.10533776134252548,797.6996459960938,0
101,-1.7481482028961182,-1.6485148514851484,-1.7861111111111112,-2.1578947368421053,0.1462508738040924,460.1803894042969,1080
102,-1.730555534362793,-1.601388888888889,-1.988888888888889,0,-0.007151074707508087,478.16961669921875,1080
103,-1.7712962627410889,-1.8,-1.7138888888888888,0,0.016330143436789513,526.3590087890625,0
104,-1.8407407999038696,-1.8324607329842932,-1.6888888888888889,-2.2448979591836733,0.25612765550613403,802.66455078125,0
105,-1.764814853668213,-1.75,-1.6333333333333333,-2.164285714285714,0.419575572013855,464.427490234375,1080
106,-1.689814805984497,-1.5347222222222223,-2.0,0,-0.38024935126304626,495.5789794921875,1080
107,-1.7138888835906982,-1.7402777777777778,-1.6611111111111112,0,-0.11520712077617645,472.2615966796875,1080
108,-1.8722221851348877,-1.8973063973063973,-1.711111111111111,-2.2142857142857144,1.5293161869049072,652.1961059570312,1080
109,-1.7805556058883667,-1.75929203539823,-1.65,-2.161290322580645,-0.733307957649231,655.58203125,1080
110,-1.724074125289917,-1.601388888888889,-1.9694444444444446,0,0.18664492666721344,451.056640625,1080
111,-1.7148147821426392,-1.7208333333333334,-1.7027777777777777,0,0.229773610830307,506.5830993652344,1080
112,-1.8240740299224854,-1.8346213292117466,-1.7277777777777779,-2.2054794520547945,1.357743263244629,600.5680541992188,1080
113,-1.8194444179534912,-1.7846975088967971,-1.725,-2.1582278481012658,-0.40509507060050964,736.6387939453125,1080
114,-1.7416666746139526,-1.604920405209841,-1.9972222222222222,-1.8275862068965518,0.43279093503952026,496.2102966308594,1080
115,-1.690740704536438,-1.6569444444444446,-1.7583333333333333,0,-0.09603171050548553,474.4768371582031,1080
116,-1.8194444179534912,-1.8610709117221418,-1.7083333333333333,-2.206896551724138,1.3961681127548218,582.1613159179688,1080
117,-1.8120369911193848,-1.7858407079646017,-1.6916666666666667,-2.1870967741935483,0.105622798204422,767.1950073242188,0
118,-1.7712962627410889,-1.6805555555555556,-1.8777777777777778,-2.0555555555555554,0.8100116848945618,495.1365661621094,1080
119,-1.6814814805984497,-1.5833333333333333,-1.8777777777777778,0,-0.10499779134988785,445.0473937988281,1080
120,-1.774999976158142,-1.8291666666666666,-1.6666666666666667,0,0.8964660167694092,610.5192260742188,1080
121,-1.8268518447875977,-1.8460207612456747,-1.6666666666666667,-2.1549295774647885,0.011790112592279911,750.921875,0
122,-1.7638888359069824,-1.6625194401244168,-1.8805555555555555,-2.064935064935065,0.7811956405639648,507.5238342285156,1080
123,-1.7064814567565918,-1.6236111111111111,-1.8722222222222222,0,0.2193576842546463,519.0436401367188,1080
124,-1.775925874710083,-1.8305555555555555,-1.6666666666666667,0,0.933523952960968,559.998291015625,1080
125,-1.7999999523162842,-1.8052173913043479,-1.6444444444444444,-2.1655172413793102,0.18427321314811707,760.053955078125,0
126,-1.7481482028961182,-1.6598746081504703,-1.8444444444444446,-2.0121951219512195,0.42389771342277527,486.5968322753906,1080
127,-1.6962963342666626,-1.5916666666666666,-1.9055555555555554,0,-0.31063634157180786,513.9185791015625,1080
128,-1.7879629135131836,-1.8347222222222221,-1.6944444444444444,0,0.8722744584083557,559.1974487304688,1080
129,-1.788888931274414,-1.761658031088083,-1.7166666666666666,-2.0851063829787235,0.28072741627693176,757.69384765625,0
130,-1.7314814329147339,-1.6533127889060093,-1.8111111111111111,-2.0422535211267605,0.1267773061990738,472.33331298828125,1080
131,-1.709259271621704,-1.6236111111111111,-1.8805555555555555,0,-0.026791561394929886,471.777587890625,1080
132,-1.7972222566604614,-1.848314606741573,-1.6777777777777778,-2.625,0.8716946840286255,560.176513671875,1080
133,-1.8074073791503906,-1.7762478485370052,-1.738888888888889,-2.115107913669065,0.28690481185913086,810.67041015625,0
134,-1.7675925493240356,-1.6421052631578947,-1.95,-2.090909090909091,0.48913535475730896,474.3568420410156,1080
135,-1.7166666984558105,-1.6458333333333333,-1.8583333333333334,0,-0.07209943234920502,540.3182983398438,1080
136,-1.7879629135131836,-1.836676217765043,-1.675,-2.090909090909091,0.7558776140213013,559.2360229492188,1080
137,-1.8166667222976685,-1.7843478260869565,-1.7027777777777777,-2.2275862068965515,-0.7849181890487671,825.81201171875,1080
138,-1.75,-1.6223880597014926,-1.9305555555555556,-2.16,0.23701290786266327,464.0880126953125,1080
139,-1.6888889074325562,-1.6444444444444444,-1.7777777777777777,0,-0.3808268904685974,498.5081481933594,1080
140,-1.809259295463562,-1.8414285714285714,-1.7138888888888888,-2.4,0.9096096158027649,517.1632690429688,1080
141,-1.8055555820465088,-1.7370242214532872,-1.7694444444444444,-2.176056338028169,-0.8641892671585083,829.6985473632812,1080
142,-1.750925898551941,-1.6377245508982037,-1.9333333333333333,-1.9423076923076923,0.1664159744977951,508.743408203125,1080
143,-1.6620370149612427,-1.5972222222222223,-1.7916666666666667,0,-0.6143868565559387,481.28338623046875,1080
144,-1.7916666269302368,-1.8232758620689655,-1.7083333333333333,-2.125,0.8230198621749878,604.2393798828125,1080
145,-1.7685185670852661,-1.7283737024221453,-1.6777777777777778,-2.1619718309859155,-1.322097897529602,753.4637451171875,1080
146,-1.749074101448059,-1.6343612334801763,-1.9555555555555555,-1.8461538461538463,0.3100094795227051,494.3084411621094,1080
147,-1.6759259700775146,-1.6805555555555556,-1.6666666666666667,0,-0.5118571519851685,547.177001953125,1080
148,-1.8212963342666626,-1.87039764359352,-1.6833333333333333,-2.2195121951219514,1.184553861618042,627.6965942382812,1080
149,-1.7712962627410889,-1.7676419965576593,-1.6722222222222223,-2.0431654676258995,-1.1419748067855835,756.173095703125,1080
150,-1.775925874710083,-1.640625,-2.047222222222222,-1.625,0.6334267854690552,513.2217407226562,1080
151,-1.6814814805984497,-1.636111111111111,-1.7722222222222221,0,-0.4133870005607605,461.5664367675781,1080
152,-1.8268518447875977,-1.8660578386605784,-1.7027777777777777,-2.126984126984127,1.2848562002182007,593.3839111328125,1080
153,-1.7638888359069824,-1.7370242214532872,-1.6694444444444445,-2.112676056338028,-1.1765397787094116,742.5975341796875,1080
154,-1.7287037372589111,-1.6027777777777779,-1.9805555555555556,0,0.24117761850357056,505.5764465332031,1080
155,-1.6351852416992188,-1.6527777777777777,-1.6,0,-0.7816889882087708,499.168701171875,1080
156,-1.8231481313705444,-1.8500772797527048,-1.7,-2.191780821917808,1.1980435848236084,588.9671630859375,1080
157,-1.7629629373550415,-1.7110726643598615,-1.6805555555555556,-2.183098591549296,-1.092096209526062,741.3209228515625,1080
158,-1.7194443941116333,-1.586111111111111,-1.9861111111111112,0,0.06615658104419708,453.1233825683594,1080
159,-1.6787036657333374,-1.7055555555555555,-1.625,0,-0.2537692189216614,503.82952880859375,1080
160,-1.8231481313705444,-1.8740279937791602,-1.6527777777777777,-2.1948051948051948,1.4211468696594238,638.7852783203125,1080
161,-1.7824074029922485,-1.789198606271777,-1.6305555555555555,-2.1301369863013697,-0.6588432192802429,756.0064086914062,1080
162,-1.7222222089767456,-1.5694444444444444,-2.0277777777777777,0,0.3873414993286133,479.0608215332031,1080
163,-1.6425925493240356,-1.6416666666666666,-1.6444444444444444,0,-0.30337581038475037,450.4273376464844,1080
164,-1.8462963104248047,-1.8792569659442724,-1.7027777777777777,-2.2567567567567566,1.8149101734161377,618.0830688476562,1080
165,-1.7435184717178345,-1.7234782608695651,-1.6194444444444445,-2.1310344827586207,-0.8834025263786316,741.9310302734375,1080
166,-1.7722222805023193,-1.6356050069541028,-2.05,0.0,1.1970183849334717,527.5487060546875,1080
167,-1.689814805984497,-1.6819444444444445,-1.7055555555555555,0,0.3366760313510895,529.5908203125,1080
168,-1.82962965965271,-1.882262996941896,-1.6527777777777777,-2.272727272727273,1.7771201133728027,608.2372436523438,1080
169,-1.7851852178573608,-1.7600700525394046,-1.6777777777777778,-2.140939597315436,-0.39088186621665955,776.7310180664062,1080
170,-1.7537037134170532,-1.6398852223816356,-1.9527777777777777,-2.0869565217391304,0.8067916035652161,481.6219787597656,1080
171,-1.6740740537643433,-1.6375,-1.7472222222222222,0,0.06187544763088226,518.0347900390625,1080
172,-1.8527777194976807,-1.9097525473071324,-1.6916666666666667,-2.4242424242424243,1.9204223155975342,651.5848388671875,1080
173,-1.8222222328186035,-1.817543859649123,-1.6722222222222223,-2.2,-0.23408544063568115,754.3099365234375,1080
174,-1.7370370626449585,-1.61203007518797,-1.9,-2.1818181818181817,0.4652632474899292,456.3435974121094,1080
175,-1.70462965965271,-1.6388888888888888,-1.836111111111111,0,-0.0022280048578977585,470.5232238769531,1080
176,-1.7916666269302368,-1.8649025069637883,-1.6472222222222221,-1.5,0.9173852801322937,612.17578125,1080
177,-1.8240740299224854,-1.7989417989417988,-1.7305555555555556,-2.1372549019607843,-0.09866402298212051,827.5873413085938,0
178,-1.7925926446914673,-1.7062600321027288,-1.8694444444444445,-2.0618556701030926,0.6615409851074219,561.4776611328125,1080
179,-1.6925926208496094,-1.5805555555555555,-1.9166666666666667,0,-0.6031658053398132,490.0672912597656,1080
180,-1.7722222805023193,-1.8152777777777778,-1.6861111111111111,0,-0.05877126380801201,513.1221923828125,0
181,-1.8425925970077515,-1.8714788732394365,-1.6666666666666667,-2.151315789473684,-0.07709573954343796,807.0327758789062,0
182,-1.7611111402511597,-1.6821305841924399,-1.7222222222222223,-2.1956521739130435,0.025657355785369873,504.7744140625,1080
183,-1.725000023841858,-1.5763888888888888,-2.022222222222222,0,-0.29123684763908386,473.259033203125,1080
184,-1.7527778148651123,-1.7805555555555554,-1.6972222222222222,0,0.005405766889452934,493.45977783203125,1080
185,-1.899999976158142,-1.9046822742474916,-1.7444444444444445,-2.3360655737704916,1.6269298791885376,693.0716552734375,1080
186,-1.7824074029922485,-1.7540106951871657,-1.6472222222222221,-2.188679245283019,-1.1936920881271362,701.9472045898438,1080
187,-1.7611111402511597,-1.6152777777777778,-2.0527777777777776,0,0.270537793636322,558.7448120117188,1080
188,-1.7129629850387573,-1.7194444444444446,-1.7,0,-0.2487996369600296,448.23406982421875,1080
189,-1.875,-1.8974358974358974,-1.7583333333333333,-2.3508771929824563,1.6096270084381104,715.7725830078125,1080
190,-1.8231481313705444,-1.8274647887323943,-1.675,-2.1578947368421053,-0.7201613783836365,800.419921875,1080
191,-1.7722222805023193,-1.6466275659824048,-1.9694444444444446,-2.1578947368421053,0.530251681804657,458.2221374511719,1080
192,-1.6879630088806152,-1.6444444444444444,-1.775,0,-0.37875327467918396,504.9359436035156,1080
193,-1.8398147821426392,-1.9138418079096045,-1.675,-2.4166666666666665,1.326608419418335,630.4179077148438,1080
194,-1.8185185194015503,-1.8180212014134276,-1.6861111111111111,-2.1298701298701297,-0.016533903777599335,790.4920043945312,0
195,-1.790740728378296,-1.7168,-1.8472222222222223,-2.0631578947368423,0.8134962916374207,541.3889770507812,1080
196,-1.710185170173645,-1.6125,-1.9055555555555554,0,-0.050683747977018356,485.076904296875,1080
197,-1.7814815044403076,-1.85,-1.6444444444444444,0,0.018587470054626465,522.8558959960938,0
198,-1.7999999523162842,-1.8063943161634104,-1.636111111111111,-2.1528662420382165,-0.6782475709915161,791.1874389648438,1080
199,-1.7916666269302368,-1.7543859649122806,-1.6916666666666667,-2.1733333333333333,0.8468090891838074,483.78076171875,1080
200,-1.7324074506759644,-1.5763888888888888,-2.0444444444444443,0,0.23096056282520294,440.6451416015625,1080
201,-1.7259259223937988,-1.7430555555555556,-1.6916666666666667,0,0.21421614289283752,449.6024475097656,1080
202,-1.8527777194976807,-1.9176090468497577,-1.6277777777777778,-2.257425742574257,1.324713945388794,622.6722412109375,1080
203,-1.8018518686294556,-1.7646017699115044,-1.6777777777777778,-2.225806451612903,-0.8942446708679199,725.6415405273438,1080
204,-1.8231481313705444,-1.7251051893408134,-2.0305555555555554,-1.1428571428571428,1.0077738761901855,481.8512268066406,1080
205,-1.6824073791503906,-1.6708333333333334,-1.7055555555555555,0,-0.5752770900726318,522.1611328125,1080
206,-1.8333333730697632,-1.8841010401188707,-1.6805555555555556,-2.276595744680851,1.0615036487579346,629.5440673828125,1080
207,-1.7324074506759644,-1.7012302284710017,-1.6388888888888888,-2.0728476821192054,-1.9582170248031616,882.9422607421875,1080
208,-1.7611111402511597,-1.6231454005934718,-1.988888888888889,-2.0,0.14180248975753784,519.3778076171875,1080
209,-1.6888889074325562,-1.6194444444444445,-1.8277777777777777,0,-0.7548227310180664,476.6838073730469,1080
210,-1.8064814805984497,-1.8855932203389831,-1.6333333333333333,-2.3333333333333335,0.6320258975028992,575.038330078125,1080
211,-1.75,-1.7531083481349912,-1.6083333333333334,-2.0636942675159236,0.020926808938384056,884.2159423828125,0
212,-1.744444489479065,-1.6432,-1.8388888888888888,-2.0526315789473686,-0.20796000957489014,464.5174865722656,1080
213,-1.703703761100769,-1.5583333333333333,-1.9944444444444445,0,-0.5731309056282043,524.6319580078125,1080
214,-1.7925926446914673,-1.8555555555555556,-1.6666666666666667,0,0.426373153924942,492.0812072753906,1080
215,-1.8231481313705444,-1.8515901060070672,-1.6472222222222221,-2.1298701298701297,0.02437383309006691,803.6190795898438,0
216,-1.7629629373550415,-1.6913793103448276,-1.7166666666666666,-2.1785714285714284,0.24441401660442352,482.23638916015625,1080
217,-1.7537037134170532,-1.5875,-2.0861111111111112,0,0.12341918051242828,509.29351806640625,1080
218,-1.7462962865829468,-1.7791666666666666,-1.6805555555555556,0,0.037957414984703064,467.80316162109375,1080
219,-1.860185146331787,-1.9181669394435352,-1.6916666666666667,-2.091743119266055,1.4086050987243652,612.8474731445312,1080
220,-1.7722222805023193,-1.732394366197183,-1.6666666666666667,-2.1710526315789473,-1.1000045537948608,714.9649658203125,1080
221,-1.7546296119689941,-1.6347222222222222,-1.9944444444444445,0,0.3825167119503021,456.7171936035156,1080
222,-1.6629629135131836,-1.676388888888889,-1.636111111111111,0,-0.5677027106285095,487.8037109375,1080
223,-1.8185185194015503,-1.8780487804878048,-1.6388888888888888,-2.21875,1.1346505880355835,571.2684936523438,1080
224,-1.8046296834945679,-1.7734513274336283,-1.7083333333333333,-2.141935483870968,-0.6038863062858582,870.9244995117188,1080
225,-1.789814829826355,-1.6838235294117647,-1.9305555555555556,-2.325,0.998131513595581,474.7147521972656,1080
226,-1.6685185432434082,-1.6180555555555556,-1.7694444444444444,0,-0.34229815006256104,467.9483337402344,1080
227,-1.8074073791503906,-1.8549295774647887,-1.7027777777777777,-2.2,1.2770099639892578,579.381591796875,1080
228,-1.8046296834945679,-1.7785588752196837,-1.675,-2.2119205298013247,0.018447285518050194,814.4700317382812,0
229,-1.7435184717178345,-1.6470588235294117,-1.8138888888888889,-2.131868131868132,0.5817738771438599,490.818359375,1080
230,-1.7259259223937988,-1.6388888888888888,-1.9,0,0.38088667392730713,542.3755493164062,1080
231,-1.7629629373550415,-1.7833333333333334,-1.7222222222222223,0,0.8346749544143677,555.164306640625,1080
232,-1.8657407760620117,-1.8875219683655535,-1.7027777777777777,-2.172185430463576,-0.01576913893222809,810.5254516601562,0
233,-1.7481482028961182,-1.7096774193548387,-1.7138888888888888,-2.015267175572519,0.48886746168136597,494.3452453613281,1080
234,-1.7157407999038696,-1.5791666666666666,-1.988888888888889,0,0.15706434845924377,520.0338134765625,1080
235,-1.7398147583007812,-1.7916666666666667,-1.636111111111111,0,-0.002471995772793889,552.1994018554688,0
236,-1.8481481075286865,-1.898972602739726,-1.65,-2.1544117647058822,1.4089034795761108,630.7882690429688,1080
237,-1.7842592000961304,-1.7530647985989491,-1.6805555555555556,-2.1543624161073827,-0.33146408200263977,626.0245971679688,1080
238,-1.7361111640930176,-1.5888888888888888,-2.0305555555555554,0,0.051490671932697296,475.1998291015625,1080
239,-1.7314814329147339,-1.788888888888889,-1.6166666666666667,0,-0.13479968905448914,529.9216918945312,1080
240,-1.8185185194015503,-1.8666666666666667,-1.6333333333333333,-2.1714285714285713,0.8635595440864563,614.8511962890625,1080
241,-1.7666666507720947,-1.702276707530648,-1.6888888888888889,-2.2013422818791946,-1.3151830434799194,770.6224365234375,1080
242,-1.7379629611968994,-1.5805555555555555,-2.0527777777777776,0,-0.0662829652428627,511.76806640625,1080
243,-1.7000000476837158,-1.7444444444444445,-1.6111111111111112,0,-0.513654351234436,554.6555786132812,1080
244,-1.8462963104248047,-1.877388535031847,-1.675,-2.3043478260869565,1.1725236177444458,683.2092895507812,1080
245,-1.7546296119689941,-1.7024221453287198,-1.7138888888888888,-2.0704225352112675,-1.4243052005767822,765.6660766601562,1080
246,-1.7407407760620117,-1.5847222222222221,-2.0527777777777776,0,0.020763348788022995,495.468994140625,1080
247,-1.6620370149612427,-1.6958333333333333,-1.5944444444444446,0,-0.6697246432304382,494.0588073730469,1080
248,-1.8620370626449585,-1.8871224165341813,-1.7083333333333333,-2.2967032967032965,1.6419870853424072,620.4434814453125,1080
249,-1.7879629135131836,-1.731369150779896,-1.75,-2.111888111888112,-0.7155153751373291,793.3013305664062,1080
250,-1.709259271621704,-1.573611111111111,-1.9805555555555556,0,0.16264504194259644,441.57452392578125,1080
251,-1.6759259700775146,-1.6861111111111111,-1.6555555555555554,0,-0.0799979567527771,472.3855895996094,1080
252,-1.8111110925674438,-1.8496835443037976,-1.636111111111111,-2.25,1.5172903537750244,629.10888671875,1080
253,-1.7453703880310059,-1.6939130434782608,-1.636111111111111,-2.220689655172414,-0.6853010058403015,725.1450805664062,1080
254,-1.7472221851348877,-1.5847222222222221,-2.0722222222222224,0,1.0167338848114014,537.9563598632812,1080
255,-1.6731481552124023,-1.6722222222222223,-1.675,0,0.3903472125530243,474.7149963378906,1080
256,-1.8712962865829468,-1.9026275115919629,-1.7361111111111112,-2.26027397260274,2.4933321475982666,738.5098266601562,1080
257,-1.7675925493240356,-1.7443478260869565,-1.6416666666666666,-2.1724137931034484,-0.2545454800128937,729.746337890625,1080
258,-1.7361111640930176,-1.5972222222222223,-2.013888888888889,0,1.0508300065994263,495.5533447265625,1080
259,-1.6833332777023315,-1.6916666666666667,-1.6666666666666667,0,0.4245578646659851,526.174560546875,1080
260,-1.8398147821426392,-1.8935185185185186,-1.6694444444444445,-2.2083333333333335,2.1502277851104736,700.020751953125,1080
261,-1.769444465637207,-1.7386759581881532,-1.675,-2.1232876712328768,-0.3292725086212158,762.259765625,1080
262,-1.7268518209457397,-1.5805555555555555,-2.0194444444444444,0,0.7852562069892883,508.4612731933594,1080
263,-1.639814853668213,-1.6402777777777777,-1.6388888888888888,0,-0.1486162692308426,514.4708862304688,1080
264,-1.8175926208496094,-1.863076923076923,-1.6722222222222223,-2.142857142857143,1.7564942836761475,615.6288452148438,1080
265,-1.7833333015441895,-1.7291666666666667,-1.7194444444444446,-2.1597222222222223,-0.35029804706573486,802.1773071289062,1080
266,-1.7388888597488403,-1.6260504201680672,-1.975,-1.0,0.8023177981376648,473.0301208496094,1080
267,-1.663888931274414,-1.6416666666666666,-1.7083333333333333,0,-0.018633229658007622,516.7405395507812,1080
268,-1.8314814567565918,-1.8681818181818182,-1.6972222222222222,-2.2333333333333334,1.788555383682251,639.9796142578125,1080
269,-1.755555510520935,-1.707105719237435,-1.6861111111111111,-2.125874125874126,-0.714530348777771,757.9992065429688,1080
270,-1.7462962865829468,-1.5845070422535212,-2.075,-1.4,0.8714808821678162,549.015625,1080
271,-1.7074073553085327,-1.698611111111111,-1.725,0,0.3726009130477905,530.86767578125,1080
272,-1.8648147583007812,-1.8903903903903905,-1.7666666666666666,-2.2037037037037037,2.0670740604400635,707.7525634765625,1080
273,-1.7638888359069824,-1.6882661996497372,-1.75,-2.087248322147651,-0.9068261981010437,815.7763061523438,1080
274,-1.7222222089767456,-1.6034732272069465,-1.9444444444444444,-1.793103448275862,0.268504798412323,475.4085388183594,1080
275,-1.6462962627410889,-1.6083333333333334,-1.7222222222222223,0,-0.5983412265777588,476.09423828125,1080
276,-1.7833333015441895,-1.8441176470588236,-1.6222222222222222,-2.2,0.9322136044502258,595.986083984375,1080
277,-1.7722222805023193,-1.7229965156794425,-1.7,-2.143835616438356,-0.9940376877784729,829.4839477539062,1080
278,-1.7472221851348877,-1.598529411764706,-2.0055555555555555,-1.95,0.3936522305011749,480.45526123046875,1080
279,-1.6944444179534912,-1.6319444444444444,-1.8194444444444444,0,-0.26392805576324463,488.8263854980469,1080
280,-1.8481481075286865,-1.8688760806916427,-1.7777777777777777,-2.269230769230769,1.475772500038147,669.5482177734375,1080
281,-1.7805556058883667,-1.7582608695652173,-1.6888888888888889,-2.0965517241379312,-1.1287776231765747,768.623779296875,1080
282,-1.7527778148651123,-1.6174698795180722,-1.9472222222222222,-2.107142857142857,0.25750476121902466,527.4927368164062,1080
283,-1.6879630088806152,-1.636111111111111,-1.7916666666666667,0,-0.43243589997291565,511.3620300292969,1080
284,-1.7935185432434082,-1.8429172510518934,-1.6833333333333333,-2.4285714285714284,0.7646728157997131,583.08447265625,1080
285,-1.775925874710083,-1.7486910994764397,-1.6805555555555556,-2.1156462585034013,0.04839055612683296,793.3532104492188,0
286,-1.7935185432434082,-1.6713178294573643,-1.9444444444444444,-2.12,0.6649162769317627,539.9156494140625,1080
287,-1.6824073791503906,-1.586111111111111,-1.875,0,-0.5271490216255188,489.54443359375,1080
288,-1.789814829826355,-1.8375,-1.6944444444444444,0,0.6753888726234436,567.0033569335938,1080
289,-1.7768518924713135,-1.7682926829268293,-1.6444444444444444,-2.136986301369863,-0.005817916709929705,833.5136108398438,0
290,-1.7407407760620117,-1.6191222570532915,-1.886111111111111,-2.048780487804878,0.04462867230176926,486.0863952636719,1080
291,-1.6814814805984497,-1.573611111111111,-1.8972222222222221,0,-0.5510230660438538,492.181884765625,1080
292,-1.7833333015441895,-1.8402777777777777,-1.6694444444444445,0,0.6913937330245972,551.9801025390625,1080
293,-1.814814805984497,-1.7874564459930313,-1.7166666666666666,-2.164383561643836,0.06492244452238083,830.0684204101562,0
294,-1.735185146331787,-1.6551181102362205,-1.788888888888889,-2.1058823529411765,0.23477323353290558,464.31439208984375,1080
295,-1.639814853668213,-1.551388888888889,-1.8166666666666667,0,-0.80763179063797,466.3053894042969,1080
296,-1.7583333253860474,-1.8027777777777778,-1.6694444444444445,0,0.5870136022567749,494.7818298339844,1080
297,-1.7768518924713135,-1.7791304347826087,-1.636111111111111,-2.117241379310345,0.017808275297284126,765.2416381835938,0
298,-1.7361111640930176,-1.6412698412698412,-1.8083333333333333,-2.111111111111111,0.44775304198265076,472.7809753417969,1080
299,-1.6861110925674438,-1.5597222222222222,-1.9388888888888889,0,-0.10520424693822861,462.0203552246094,1080
300,-1.7851852178573608,-1.8416666666666666,-1.6722222222222223,0,1.10294771194458,580.4148559570312,1080
301,-1.8518518209457397,-1.8257839721254356,-1.7694444444444444,-2.1575342465753424,-0.03305133059620857,811.143798828125,0
302,-1.7462962865829468,-1.6405750798722045,-1.8222222222222222,-2.1595744680851063,0.6181650757789612,475.8545227050781,1080
303,-1.725000023841858,-1.6069444444444445,-1.961111111111111,0,0.385280042886734,523.3477783203125,1080
304,-1.7944444417953491,-1.8208333333333333,-1.7416666666666667,0,1.1415255069732666,556.8251953125,1080
305,-1.8222222328186035,-1.8069565217391304,-1.738888888888889,-2.089655172413793,0.001973204780369997,832.1572265625,0
306,-1.7120370864868164,-1.6231884057971016,-1.761111111111111,-2.090909090909091,0.16941191256046295,475.26904296875,1080
307,-1.6814814805984497,-1.5902777777777777,-1.863888888888889,0,-0.2454250007867813,471.39599609375,1080
308,-1.7833333015441895,-1.8402777777777777,-1.6694444444444445,0,1.0841002464294434,583.4970092773438,1080
309,-1.8027777671813965,-1.8205574912891986,-1.675,-2.047945205479452,0.00812574103474617,781.5851440429688,0
310,-1.7833333015441895,-1.6726384364820848,-1.8222222222222222,-2.292452830188679,1.0733839273452759,509.3567810058594,1080
311,-1.663888931274414,-1.5305555555555554,-1.9305555555555556,0,-0.28256726264953613,497.1692199707031,1080
312,-1.774999976158142,-1.8305555555555555,-1.663888888888889,0,0.9860972762107849,567.3916015625,1080
313,-1.8018518686294556,-1.8114186851211074,-1.6694444444444445,-2.0985915492957745,0.01065937988460064,751.7129516601562,0
314,-1.7407407760620117,-1.6521035598705502,-1.7972222222222223,-2.0784313725490198,0.7039950489997864,496.7084045410156,1080
315,-1.6833332777023315,-1.5958333333333334,-1.8583333333333334,0,0.028375867754220963,480.8686828613281,1080
316,-1.7601852416992188,-1.8222222222222222,-1.636111111111111,0,0.9681028723716736,540.3685913085938,1080
317,-1.7814815044403076,-1.7979094076655053,-1.6305555555555555,-2.089041095890411,-0.02076788619160652,782.7420043945312,0
318,-1.7222222089767456,-1.6385737439222041,-1.7638888888888888,-2.0776699029126213,0.5260758399963379,492.31451416015625,1080
319,-1.6814814805984497,-1.55,-1.9444444444444444,0,0.11179603636264801,540.0758666992188,1080
320,-1.755555510520935,-1.8111111111111111,-1.6444444444444444,0,0.9079763889312744,520.5404663085938,1080
321,-1.8074073791503906,-1.8041594454072791,-1.6666666666666667,-2.174825174825175,0.04242618754506111,772.8670043945312,0
322,-1.724074125289917,-1.608974358974359,-1.8055555555555556,-2.1666666666666665,0.4284149408340454,471.9989318847656,1080
323,-1.6685185432434082,-1.5847222222222221,-1.836111111111111,0,-0.28515470027923584,510.0693359375,1080
324,-1.7620370388031006,-1.8041666666666667,-1.6777777777777778,0,0.8080794811248779,565.7470092773438,1080
325,-1.789814829826355,-1.7729636048526862,-1.7,-2.0839160839160837,0.03541078045964241,789.5584716796875,0
326,-1.7629629373550415,-1.6751188589540411,-1.8277777777777777,-2.1235955056179776,0.700126588344574,531.545654296875,1080
327,-1.70462965965271,-1.6319444444444444,-1.85,0,0.010301089845597744,535.6075439453125,1080
328,-1.7935185432434082,-1.8625,-1.6555555555555554,0,1.021106481552124,587.3473510742188,1080
329,-1.8314814567565918,-1.8623063683304648,-1.6388888888888888,-2.2014388489208634,0.005272322334349155,777.8268432617188,0
330,-1.769444465637207,-1.6753846153846155,-1.8888888888888888,-2.0285714285714285,0.7492188811302185,520.2483520507812,1080
331,-1.6685185432434082,-1.5791666666666666,-1.8472222222222223,0,-0.4054017663002014,490.9181213378906,1080
332,-1.7722222805023193,-1.834733893557423,-1.6388888888888888,-2.3333333333333335,0.7535699009895325,554.9715576171875,1080
333,-1.8064814805984497,-1.8003442340791738,-1.7138888888888888,-2.0719424460431655,-0.022041967138648033,842.83203125,0
334,-1.7574074268341064,-1.6636500754147814,-1.886111111111111,-2.0350877192982457,0.5144866704940796,516.025390625,1080
335,-1.6620370149612427,-1.5847222222222221,-1.8166666666666667,0,-0.5467330813407898,520.3161010742188,1080
336,-1.7805556058883667,-1.8231098430813124,-1.6805555555555556,-2.1052631578947367,0.8243471384048462,551.2215576171875,1080
337,-1.8055555820465088,-1.7604166666666667,-1.7305555555555556,-2.173611111111111,-0.7159736752510071,845.0513305664062,1080
338,-1.7379629611968994,-1.6317365269461077,-1.9111111111111112,-1.9038461538461537,0.24241511523723602,514.1342163085938,1080
339,-1.6824073791503906,-1.6055555555555556,-1.836111111111111,0,-0.28777167201042175,448.8699035644531,1080
340,-1.8185185194015503,-1.8569384835479257,-1.7361111111111112,-1.9523809523809523,1.226746678352356,568.3807983398438,1080
341,-1.79537034034729,-1.7474048442906573,-1.7361111111111112,-2.140845070422535,-0.7791422605514526,780.4766235351562,1080
342,-1.7462962865829468,-1.6142433234421365,-1.9472222222222222,-2.108695652173913,0.4059426486492157,463.8006896972656,1080
343,-1.6962963342666626,-1.6777777777777778,-1.7333333333333334,0,-0.13286875188350677,505.8508605957031,1080
344,-1.775925874710083,-1.7968299711815563,-1.7027777777777777,-2.230769230769231,0.7467712163925171,522.4003295898438,1080
345,-1.7768518924713135,-1.7538994800693242,-1.6777777777777778,-2.1188811188811187,-1.0438079833984375,727.5201416015625,1080
346,-1.7138888835906982,-1.5684830633284241,-1.9583333333333333,-1.975609756097561,-0.008805563673377037,486.5943908691406,1080
347,-1.684259295463562,-1.6333333333333333,-1.7861111111111112,0,-0.2655794024467468,453.5005187988281,1080
348,-1.8129630088806152,-1.8671532846715329,-1.6777777777777778,-2.142857142857143,1.3533031940460205,573.6611938476562,1080
349,-1.7814815044403076,-1.7664359861591696,-1.6472222222222221,-2.183098591549296,-0.7087959051132202,764.7664794921875,1080
350,-1.7398147583007812,-1.6228323699421965,-1.9444444444444444,-2.0,0.5515485405921936,421.8396301269531,1080
351,-1.6777777671813965,-1.6263888888888889,-1.7805555555555554,0,0.00035000877687707543,445.068359375,1080
352,-1.796296238899231,-1.84375,-1.6694444444444445,-2.0833333333333335,1.37175714969635,617.840576171875,1080
353,-1.8018518686294556,-1.757314974182444,-1.7305555555555556,-2.172661870503597,-0.2703976333141327,751.0718383789062,1080
354,-1.7009259462356567,-1.5310734463276836,-2.0277777777777777,-1.9166666666666667,0.3716624081134796,466.2401428222656,1080
355,-1.6925926208496094,-1.6666666666666667,-1.7444444444444445,0,0.2106272131204605,473.0865783691406,1080
356,-1.8138889074325562,-1.8575757575757577,-1.6527777777777777,-2.3,1.613982081413269,639.9729614257812,1080
357,-1.769444465637207,-1.7177700348432057,-1.7166666666666666,-2.1027397260273974,-0.5949509739875793,779.7443237304688,1080
358,-1.7259259223937988,-1.5619718309859154,-2.0416666666666665,-2.0,0.5786835551261902,478.4119567871094,1080
359,-1.6685185432434082,-1.648611111111111,-1.7083333333333333,0,-0.07270420342683792,442.0520324707031,1080
360,-1.815740704536438,-1.8274809160305343,-1.711111111111111,-2.276923076923077,1.5827833414077759,655.1594848632812,1080
361,-1.7675925493240356,-1.7024221453287198,-1.7166666666666666,-2.1619718309859155,-0.798189103603363,743.8842163085938,1080
362,-1.7407407760620117,-1.5902777777777777,-2.0416666666666665,0,0.5831776261329651,472.7266540527344,1080
363,-1.6759259700775146,-1.6416666666666666,-1.7444444444444445,0,-0.00477196928113699,443.96441650390625,1080
364,-1.8333333730697632,-1.858695652173913,-1.7055555555555555,-2.223684210526316,1.5051316022872925,608.58935546875,1080
365,-1.7388888597488403,-1.6955017301038062,-1.65,-2.140845070422535,-1.2590056657791138,803.399658203125,1080
366,-1.7194443941116333,-1.5791666666666666,-2.0,0,0.1210765615105629,447.06719970703125,1080
367,-1.690740704536438,-1.6847222222222222,-1.7027777777777777,0,-0.1535935252904892,443.27532958984375,1080
368,-1.8509259223937988,-1.8533123028391167,-1.75,-2.255813953488372,1.5849783420562744,691.2926025390625,1080
369,-1.7518517971038818,-1.6724137931034482,-1.7305555555555556,-2.1357142857142857,-1.1238802671432495,756.6763916015625,1080
370,-1.703703761100769,-1.5694444444444444,-1.9722222222222223,0,-0.00903567485511303,473.80218505859375,1080
371,-1.6824073791503906,-1.6722222222222223,-1.7027777777777777,0,-0.1061958521604538,460.1847229003906,1080
372,-1.82962965965271,-1.8381410256410255,-1.6944444444444444,-2.28125,1.519737720489502,665.1702880859375,1080
373,-1.7675925493240356,-1.7280550774526677,-1.6527777777777777,-2.2302158273381294,-0.6709813475608826,752.2061767578125,1080
374,-1.7055555582046509,-1.5458333333333334,-2.025,0,0.3078913986682892,493.80816650390625,1080
375,-1.6731481552124023,-1.6902777777777778,-1.6388888888888888,0,0.011589747853577137,468.4548645019531,1080
376,-1.8620370626449585,-1.9102773246329527,-1.6777777777777778,-2.205607476635514,2.1158716678619385,685.7831420898438,1080
377,-1.7370370626449585,-1.666086956521739,-1.7,-2.110344827586207,-0.8451937437057495,691.9225463867188,1080
378,-1.7120370864868164,-1.5652777777777778,-2.0055555555555555,0,0.4644666016101837,516.1394653320312,1080
379,-1.7064814567565918,-1.7277777777777779,-1.663888888888889,0,0.4048507511615753,486.7342529296875,1080
380,-1.8611111640930176,-1.8762057877813505,-1.7194444444444446,-2.2857142857142856,1.9923920631408691,680.4159545898438,1080
381,-1.7824074029922485,-1.7207678883071553,-1.7361111111111112,-2.1360544217687076,-0.5193454623222351,784.9449462890625,1080
382,-1.7185184955596924,-1.6041666666666667,-1.9472222222222222,0,0.1491468846797943,455.8852233886719,1080
383,-1.6481481790542603,-1.6458333333333333,-1.6527777777777777,0,-0.6154198050498962,471.7977294921875,1080
384,-1.8129630088806152,-1.8253968253968254,-1.711111111111111,-2.1333333333333333,1.1668357849121094,592.51416015625,1080
385,-1.749074101448059,-1.6834782608695653,-1.6888888888888889,-2.1586206896551725,-1.2304859161376953,714.4874267578125,1080
386,-1.70462965965271,-1.551388888888889,-2.011111111111111,0,-0.07559572160243988,482.16204833984375,1080
387,-1.6833332777023315,-1.6861111111111111,-1.6777777777777778,0,-0.30516406893730164,446.84515380859375,1080
388,-1.8388888835906982,-1.9099526066350712,-1.6555555555555554,-2.0804597701149423,1.4794352054595947,641.2002563476562,1080
389,-1.7611111402511597,-1.7274305555555556,-1.6583333333333334,-2.1527777777777777,-1.0283844470977783,783.8853149414062,1080
390,-1.7018518447875977,-1.5583333333333333,-1.988888888888889,0,0.06133629381656647,463.83758544921875,1080
391,-1.6722222566604614,-1.7,-1.6166666666666667,0,-0.1277078539133072,507.0093078613281,1080
392,-1.8648147583007812,-1.919175911251981,-1.6527777777777777,-2.337078651685393,2.0521697998046875,714.8162841796875,1080
393,-1.7546296119689941,-1.6793760831889082,-1.7333333333333334,-2.111888111888112,-0.6622633934020996,733.1546630859375,1080
394,-1.7185184955596924,-1.573611111111111,-2.0083333333333333,0,0.5987836718559265,488.3877258300781,1080
395,-1.6870369911193848,-1.6875,-1.6861111111111111,0,0.3756099343299866,458.7442626953125,1080
396,-1.8305555582046509,-1.8651685393258426,-1.6972222222222222,-2.1030927835051547,1.889875888824463,620.7364501953125,1080
397,-1.775925874710083,-1.7110726643598615,-1.7194444444444446,-2.183098591549296,-0.18045534193515778,723.5941162109375,1080
398,-1.6916667222976685,-1.5375,-2.0,0,0.3389749228954315,472.7196044921875,1080
399,-1.6731481552124023,-1.7013888888888888,-1.6166666666666667,0,0.04305649176239967,501.915283203125,1080
400,-1.836111068725586,-1.8790849673202614,-1.6527777777777777,-2.2037037037037037,1.6416068077087402,681.8380737304688,1080
401,-1.7574074268341064,-1.6741767764298094,-1.6944444444444444,-2.2517482517482517,-0.7217848300933838,708.0485229492188,1080
402,-1.7268518209457397,-1.573611111111111,-2.033333333333333,0,0.2055736780166626,491.52227783203125,1080
403,-1.6990740299224854,-1.698611111111111,-1.7,0,-0.2577382028102875,464.566650390625,1080
404,-1.828703761100769,-1.826955074875208,-1.7166666666666666,-2.176470588235294,1.065793514251709,611.380126953125,1080
405,-1.7185184955596924,-1.6480836236933798,-1.6611111111111112,-2.136986301369863,-1.608111023902893,658.7305297851562,1080
406,-1.6944444179534912,-1.5430555555555556,-1.9972222222222222,0,-0.6555846929550171,498.1241760253906,1080
407,-1.6953703165054321,-1.7347222222222223,-1.6166666666666667,0,-0.6588388085365295,504.19073486328125,1080
408,-1.834259271621704,-1.8628099173553718,-1.6861111111111111,-2.1478260869565218,0.907610297203064,622.1651611328125,1080
409,-1.7462962865829468,-1.679930795847751,-1.7083333333333333,-2.112676056338028,-1.5420525074005127,673.2421264648438,1080
410,-1.7064814567565918,-1.575,-1.9694444444444446,0,-0.5139896869659424,471.10455322265625,1080
411,-1.6694444417953491,-1.7138888888888888,-1.5805555555555555,0,-0.8950971961021423,513.6676635742188,1080
412,-1.8666666746139526,-1.8990066225165563,-1.6944444444444444,-2.2327586206896552,1.2883731126785278,675.168701171875,1080
413,-1.7481482028961182,-1.6993006993006994,-1.65,-2.175675675675676,-1.3721189498901367,656.001220703125,1080
414,-1.724074125289917,-1.55,-2.0722222222222224,0,-0.1001797467470169,525.098876953125,1080
415,-1.6833332777023315,-1.698611111111111,-1.6527777777777777,0,-0.4752226769924164,468.1788330078125,1080
416,-1.854629635810852,-1.8790849673202614,-1.7194444444444446,-2.1666666666666665,1.531574010848999,615.116943359375,1080
417,-1.764814853668213,-1.6886956521739132,-1.7638888888888888,-2.0689655172413794,-0.8403956294059753,702.0335083007812,1080
418,-1.7000000476837158,-1.5569444444444445,-1.9861111111111112,0,0.09349492192268372,466.0965270996094,1080
419,-1.7333333492279053,-1.7527777777777778,-1.6944444444444444,0,0.6341059803962708,496.7359924316406,1080
420,-1.8314814567565918,-1.865912762520194,-1.6694444444444445,-2.198019801980198,1.7263762950897217,656.9471435546875,1080
421,-1.729629635810852,-1.6818181818181819,-1.6583333333333334,-2.0878378378378377,-0.8510708808898926,731.3485107421875,1080
422,-1.7407407760620117,-1.5694444444444444,-2.0833333333333335,0,0.7645983099937439,492.95623779296875,1080
423,-1.6787036657333374,-1.6722222222222223,-1.6916666666666667,0,0.21097171306610107,457.2015686035156,1080
424,-1.8620370626449585,-1.8781645569620253,-1.7333333333333334,-2.272727272727273,2.2481796741485596,717.8054809570312,1080
425,-1.7462962865829468,-1.6991304347826086,-1.6527777777777777,-2.1655172413793102,-0.7142296433448792,700.64453125,1080
426,-1.711111068725586,-1.5541666666666667,-2.025,0,0.5371182560920715,508.3121643066406,1080
427,-1.6546295881271362,-1.6666666666666667,-1.6305555555555555,0,-0.20285449922084808,494.7005310058594,1080
428,-1.8314814567565918,-1.8880248833592534,-1.6305555555555555,-2.2987012987012987,1.796358585357666,628.1515502929688,1080
429,-1.7222222089767456,-1.696551724137931,-1.6333333333333333,-2.057142857142857,-1.041377305984497,744.0885009765625,1080
430,-1.7175925970077515,-1.5902777777777777,-1.9722222222222223,0,0.4982229769229889,513.57421875,1080
431,-1.6768518686294556,-1.675,-1.6805555555555556,0,0.037358470261096954,500.4360046386719,1080
432,-1.8481481075286865,-1.9014308426073132,-1.6333333333333333,-2.32967032967033,1.8769892454147339,712.6276245117188,1080
433,-1.7583333253860474,-1.7108433734939759,-1.6777777777777778,-2.1654676258992804,-0.8070381283760071,733.9193115234375,1080
434,-1.7083333730697632,-1.5722222222222222,-1.9805555555555556,0,0.05753302946686745,489.1779479980469,1080
435,-1.703703761100769,-1.6902777777777778,-1.7305555555555556,0,0.12228548526763916,478.75433349609375,1080
436,-1.855555534362793,-1.8476821192052981,-1.7166666666666666,-2.3275862068965516,1.8201075792312622,710.0217895507812,1080
437,-1.7564815282821655,-1.6386986301369864,-1.7833333333333334,-2.1911764705882355,-0.565372884273529,651.4493408203125,1080
438,-1.710185170173645,-1.5583333333333333,-2.013888888888889,0,-0.011327405460178852,452.093994140625,1080
439,-1.7277777194976807,-1.7486111111111111,-1.6861111111111111,0,0.0027303053066134453,488.37371826171875,0
440,-1.7916666269302368,-1.8072289156626506,-1.6305555555555555,-2.143884892086331,0.005339843221008778,795.05126953125,0
441,-1.7212963104248047,-1.6451612903225807,-1.6861111111111111,-2.1603053435114505,-0.05804423987865448,431.7389831542969,1080
442,-1.6981481313705444,-1.5402777777777779,-2.013888888888889,0,-0.33849990367889404,479.4501037597656,1080
443,-1.7472221851348877,-1.7708333333333333,-1.7,0,0.3309154212474823,523.2184448242188,1080
444,-1.8611111640930176,-1.8287671232876712,-1.8,-2.161764705882353,0.015562851913273335,786.701904296875,0
445,-1.735185146331787,-1.631160572337043,-1.8138888888888889,-2.142857142857143,0.26521170139312744,487.3121032714844,1080
446,-1.6777777671813965,-1.5638888888888889,-1.9055555555555554,0,-0.49988827109336853,512.1898803710938,1080
447,-1.769444465637207,-1.8180555555555555,-1.6722222222222223,0,0.6723192930221558,554.6207275390625,1080
448,-1.7990740537643433,-1.7808219178082192,-1.7055555555555555,-2.125,0.08100060373544693,790.5208740234375,0
449,-1.729629635810852,-1.5901639344262295,-1.961111111111111,-1.9387755102040816,0.23254628479480743,491.1483154296875,1080
450,-1.6981481313705444,-1.6166666666666667,-1.8611111111111112,0,-0.12931481003761292,433.8642883300781,1080
451,-1.8231481313705444,-1.8845029239766082,-1.6694444444444445,-2.1944444444444446,1.3507330417633057,572.768798828125,1080
452,-1.7435184717178345,-1.7032590051457976,-1.6916666666666667,-2.051094890510949,-1.2402369976043701,745.2025756835938,1080
453,-1.7277777194976807,-1.5783475783475784,-2.0055555555555555,-2.0,0.26914146542549133,434.1286315917969,1080
454,-1.6620370149612427,-1.6527777777777777,-1.6805555555555556,0,-0.43366095423698425,466.07684326171875,1080
455,-1.8703703880310059,-1.8755760368663594,-1.7861111111111112,-2.260869565217391,1.9009333848953247,674.003662109375,1080
456,-1.7638888359069824,-1.7258620689655173,-1.6972222222222222,-2.092857142857143,-0.9119059443473816,776.4635620117188,1080
457,-1.7379629611968994,-1.6027777777777779,-2.0083333333333333,0,0.4113878011703491,457.6402282714844,1080
458,-1.703703761100769,-1.7013888888888888,-1.7083333333333333,0,0.08111836016178131,469.83282470703125,1080
459,-1.8425925970077515,-1.864297253634895,-1.7055555555555555,-2.198019801980198,1.5229554176330566,626.7650756835938,1080
460,-1.7805556058883667,-1.7482758620689656,-1.7138888888888888,-2.085714285714286,-0.7056381702423096,698.8861083984375,1080
461,-1.6944444179534912,-1.5680555555555555,-1.9472222222222222,0,-0.18697087466716766,471.2818908691406,1080
462,-1.730555534362793,-1.7666666666666666,-1.6583333333333334,0,0.15472163259983063,496.4717712402344,1080
463,-1.8370370864868164,-1.8564189189189189,-1.6611111111111112,-2.2421875,1.3650219440460205,638.9620361328125,1080
464,-1.7620370388031006,-1.7086206896551723,-1.7083333333333333,-2.1214285714285714,-0.5320383906364441,615.9915771484375,1080
465,-1.6462962627410889,-1.488888888888889,-1.961111111111111,0,-0.9178407788276672,512.3441162109375,1080
466,-1.6870369911193848,-1.7125,-1.636111111111111,0,0.016334636136889458,513.2950439453125,0
467,-1.8620370626449585,-1.8741379310344828,-1.7333333333333334,-2.142857142857143,-0.16859211027622223,818.888671875,1080
468,-1.7388888597488403,-1.6501706484641638,-1.7138888888888888,-2.1940298507462686,0.09738394618034363,481.1143798828125,1080
469,-1.6740740537643433,-1.523611111111111,-1.975,0,-0.5525363683700562,476.37969970703125,1080
470,-1.7185184955596924,-1.7638888888888888,-1.6277777777777778,0,0.032191190868616104,500.5016784667969,0
471,-1.8277777433395386,-1.8450946643717727,-1.7,-2.0863309352517985,-0.023403557017445564,800.888671875,0
472,-1.7287037372589111,-1.6380165289256199,-1.7694444444444444,-2.0782608695652174,0.3217763304710388,481.9495544433594,1080
473,-1.6388888359069824,-1.5069444444444444,-1.9027777777777777,0,-0.6102942228317261,443.763671875,1080
474,-1.7481482028961182,-1.7861111111111112,-1.6722222222222223,0,0.7628231048583984,493.6993103027344,1080
475,-1.8120369911193848,-1.7920962199312716,-1.7166666666666666,-2.1449275362318843,0.009602095931768417,776.8005981445312,0
476,-1.7518517971038818,-1.6382636655948553,-1.8388888888888888,-2.1530612244897958,0.8286081552505493,532.7891235351562,1080
477,-1.684259295463562,-1.5527777777777778,-1.9472222222222222,0,0.1001322790980339,538.131591796875,1080
478,-1.7435184717178345,-1.8055555555555556,-1.6194444444444445,0,0.7513582110404968,489.2079772949219,1080
479,-1.8027777671813965,-1.803448275862069,-1.636111111111111,-2.2285714285714286,0.09521856904029846,766.8980102539062,0
480,-1.7462962865829468,-1.6214953271028036,-1.886111111111111,-2.128205128205128,0.7690519094467163,490.1567077636719,1080
481,-1.6416666507720947,-1.5638888888888889,-1.7972222222222223,0,-0.4595561921596527,462.85748291015625,1080
482,-1.7879629135131836,-1.8191933240611962,-1.725,-2.0,1.1991159915924072,546.5729370117188,1080
483,-1.7601852416992188,-1.738382099827883,-1.6777777777777778,-2.064748201438849,0.007036169525235891,748.6589965820312,0
484,-1.7185184955596924,-1.6138763197586727,-1.85,-2.1052631578947367,0.3606131076812744,444.89532470703125,1080
485,-1.6462962627410889,-1.5666666666666667,-1.8055555555555556,0,-0.4505179226398468,458.0232238769531,1080
486,-1.8046296834945679,-1.842485549132948,-1.7,-2.2142857142857144,1.3892230987548828,628.4188842773438,1080
487,-1.7453703880310059,-1.7272727272727273,-1.6222222222222222,-2.145985401459854,-1.077955961227417,751.0711669921875,1080
488,-1.6722222566604614,-1.5361271676300579,-1.9194444444444445,-1.8571428571428572,-0.20142598450183868,456.2565612792969,1080
489,-1.6379629373550415,-1.6291666666666667,-1.6555555555555554,0,-0.5000645518302917,444.2685546875,1080
490,-1.8046296834945679,-1.8483483483483483,-1.6833333333333333,-2.074074074074074,1.479561686515808,643.7960205078125,1080
491,-1.7638888359069824,-1.7182130584192439,-1.7138888888888888,-2.0869565217391304,-0.6878452897071838,772.6024780273438,1080
492,-1.711111068725586,-1.5777777777777777,-1.9777777777777779,0,0.5005642175674438,467.7726135253906,1080
493,-1.6601852178573608,-1.6597222222222223,-1.6611111111111112,0,-0.09244518727064133,437.8008117675781,1080
494,-1.8268518447875977,-1.8519108280254777,-1.7,-2.152173913043478,1.8643068075180054,653.2508544921875,1080
495,-1.7333333492279053,-1.6810344827586208,-1.6722222222222223,-2.107142857142857,-0.6816142201423645,698.5106811523438,1080
496,-1.689814805984497,-1.5597222222222222,-1.95,0,0.36226606369018555,484.0921936035156,1080
497,-1.7000000476837158,-1.7069444444444444,-1.6861111111111111,0,0.4899979531764984,468.67071533203125,1080
498,-1.814814805984497,-1.8439597315436242,-1.6305555555555555,-2.2096774193548385,1.810349464416504,669.8071899414062,1080
499,-1.7194443941116333,-1.6230636833046472,-1.7166666666666666,-2.129496402877698,-0.36338528990745544,620.1283569335938,1080
