epoch,mean_reward,r_morning,r_off,r_evening,pg_loss,v_loss
0,-6.117593,-7.371191135734072,-4.6,-6.378830083565459,-7.227939605712891,5386.4638671875
1,-6.459259,-7.3535911602209945,-4.991666666666666,-7.0307262569832405,-8.360456466674805,6315.57421875
2,-6.584259,-7.228650137741047,-5.408333333333333,-7.11484593837535,-6.375505447387695,7207.17431640625
3,-6.334259,-7.068681318681318,-4.875,-7.058988764044944,-8.227472305297852,4967.9423828125
4,-5.9407406,-7.005479452054795,-4.677777777777778,-6.126760563380282,-7.173025131225586,4711.0654296875
5,-7.189815,-7.445355191256831,-5.194444444444445,-8.954802259887005,-8.67212963104248,5673.4609375
6,-6.0731483,-5.656675749318801,-4.469444444444444,-8.141643059490084,-7.7475457191467285,4134.77294921875
7,-6.8962965,-8.66304347826087,-5.163888888888889,-6.8210227272727275,-6.500328063964844,4117.01123046875
8,-6.15,-6.823848238482385,-5.2,-6.415954415954416,-5.424663066864014,3508.345703125
9,-5.1916666,-5.683783783783784,-3.727777777777778,-6.177142857142857,-5.502490520477295,2745.77978515625
10,-5.750926,-6.291105121293801,-5.230555555555555,-5.713467048710601,-7.603738784790039,3627.11181640625
11,-5.947222,-6.811827956989247,-4.180555555555555,-6.850574712643678,-6.635519027709961,3020.154541015625
12,-6.287963,-7.289544235924933,-3.6416666666666666,-7.956772334293948,-6.873419284820557,3289.44775390625
13,-5.5583334,-6.216577540106952,-3.438888888888889,-7.0520231213872835,-7.574047088623047,2356.077392578125
14,-5.9712963,-7.066666666666666,-4.813888888888889,-5.988405797101449,-7.416747093200684,2757.356201171875
15,-5.5314813,-6.252659574468085,-4.813888888888889,-5.494186046511628,-6.035840034484863,2643.0166015625
16,-5.8240743,-5.888594164456234,-4.438888888888889,-7.206997084548105,-5.497914791107178,1934.4405517578125
17,-5.8851852,-6.285714285714286,-4.313888888888889,-7.0964912280701755,-6.79304838180542,2469.60498046875
18,-8.314815,-13.9155672823219,-3.938888888888889,-6.709677419354839,-7.568420886993408,9598.7978515625
19,-5.8703704,-7.568421052631579,-3.941666666666667,-6.014705882352941,-7.83642053604126,2341.70166015625
20,-5.436111,-5.585301837270341,-4.905555555555556,-5.831858407079646,-5.487697601318359,1823.9613037109375
21,-5.6462965,-6.306282722513089,-4.752777777777778,-5.85207100591716,-6.0474371910095215,1937.930419921875
22,-5.5296297,-6.281984334203655,-4.944444444444445,-5.299703264094956,-6.663369178771973,1894.177490234375
23,-6.262963,-7.848958333333333,-3.7666666666666666,-7.125,-7.7084221839904785,2372.002197265625
24,-5.4333334,-6.488311688311688,-4.905555555555556,-4.7880597014925375,-6.239885330200195,1861.92529296875
25,-6.1833334,-7.375647668393782,-4.436111111111111,-6.688622754491018,-6.689414024353027,1820.8353271484375
26,-6.062037,-7.310077519379845,-4.308333333333334,-6.5075075075075075,-7.029348373413086,2143.996337890625
27,-7.2203703,-6.981958762886598,-5.705555555555556,-9.141566265060241,-8.059804916381836,3557.885986328125
28,-5.810185,-6.940874035989717,-4.536111111111111,-5.867069486404834,-6.234091281890869,1590.9132080078125
29,-5.6833334,-6.52051282051282,-3.6,-6.966666666666667,-5.9402642250061035,1463.785400390625
30,-5.6351852,-7.703324808184143,-4.016666666666667,-4.948328267477204,-5.742736339569092,1465.13427734375
31,-5.608333,-6.862244897959184,-4.361111111111111,-5.478658536585366,-6.090275764465332,1526.3162841796875
32,-5.4435186,-6.9440203562340965,-4.322222222222222,-4.874617737003058,-5.676063060760498,1425.4071044921875
33,-5.462037,-6.789340101522843,-4.241666666666666,-5.205521472392638,-5.6160454750061035,1446.581787109375
34,-5.012963,-6.19493670886076,-3.5,-5.252307692307692,-4.774879455566406,1145.130615234375
35,-5.5824075,-6.570707070707071,-3.5972222222222223,-6.580246913580247,-6.079699516296387,1544.2095947265625
36,-7.9435186,-7.085642317380352,-4.055555555555555,-13.3312693498452,-6.8523945808410645,4620.64697265625
37,-5.7444444,-6.464824120603015,-4.586111111111111,-6.149068322981367,-6.0800652503967285,1466.12744140625
38,-5.4546294,-6.112781954887218,-4.511111111111111,-5.694704049844237,-5.44189977645874,1435.28662109375
39,-5.9675927,-7.8975,-3.8833333333333333,-5.9,-6.519662380218506,1645.9486083984375
40,-5.361111,-6.234413965087282,-3.6555555555555554,-6.1880877742946705,-5.703509330749512,1384.4296875
41,-5.936111,-6.4950248756218905,-3.636111111111111,-7.833333333333333,-6.158539772033691,1569.760498046875
42,-5.787037,-5.764267990074441,-5.0,-6.709779179810726,-5.834240436553955,1537.956787109375
43,-5.9657407,-7.564356435643564,-4.247222222222222,-5.879746835443038,-6.298072338104248,1572.7042236328125
44,-6.3231483,-7.160493827160494,-5.469444444444444,-6.222222222222222,-6.431280136108398,1825.4964599609375
45,-5.689815,-6.532019704433497,-4.427777777777778,-6.047770700636943,-5.3839826583862305,1338.8477783203125
46,-5.911111,-5.454545454545454,-5.258333333333334,-7.255591054313099,-5.394763946533203,1548.857421875
47,-5.4898148,-7.056372549019608,-3.2555555555555555,-6.019230769230769,-5.140613079071045,1308.7078857421875
48,-6.1194444,-8.687041564792176,-3.8333333333333335,-5.389067524115756,-5.6323957443237305,1902.3773193359375
49,-6.037963,-6.519512195121951,-4.725,-6.925806451612903,-5.964360237121582,1477.8487548828125
50,-6.0731483,-5.905109489051095,-4.563888888888889,-8.055016181229773,-6.465936183929443,1706.6982421875
51,-6.1444445,-7.550970873786408,-4.152777777777778,-6.590909090909091,-6.416266918182373,1482.8079833984375
52,-5.296296,-6.280871670702179,-3.7694444444444444,-5.762214983713355,-5.103833198547363,1012.1278076171875
53,-6.3796296,-7.746376811594203,-4.305555555555555,-6.970588235294118,-6.390362739562988,1717.3770751953125
54,-6.3814816,-7.848192771084338,-4.95,-6.075409836065574,-6.485748767852783,1620.0816650390625
55,-5.8,-6.4639423076923075,-3.922222222222222,-7.115131578947368,-5.401886940002441,1379.6595458984375
56,-5.5796294,-7.136690647482014,-3.188888888888889,-6.2772277227722775,-5.41825008392334,1285.488525390625
57,-6.076852,-6.100478468899522,-4.9,-7.447019867549669,-5.830898761749268,1487.1680908203125
58,-5.5518517,-6.22673031026253,-4.3805555555555555,-6.01328903654485,-5.460176467895508,1223.0634765625
59,-6.0675926,-7.421428571428572,-4.397222222222222,-6.176666666666667,-6.365083694458008,1424.8817138671875
60,-5.4888887,-6.69833729216152,-4.152777777777778,-5.394648829431438,-5.577570915222168,1049.4296875
61,-6.0564814,-7.327014218009479,-3.827777777777778,-6.949664429530201,-6.463261604309082,1412.856201171875
62,-5.9685187,-7.491725768321513,-4.230555555555555,-5.905723905723906,-6.171515941619873,1273.2998046875
63,-6.1203704,-5.867924528301887,-4.905555555555556,-7.95945945945946,-6.196592807769775,1441.4776611328125
64,-6.174074,-7.289411764705882,-4.333333333333333,-6.813559322033898,-6.3445210456848145,1338.9796142578125
65,-5.390741,-6.467136150234742,-4.8805555555555555,-4.45578231292517,-5.315033912658691,1021.4546508789062
66,-5.5944443,-7.009367681498829,-3.6638888888888888,-5.90443686006826,-5.671934604644775,1102.3951416015625
67,-5.235185,-5.91588785046729,-3.2333333333333334,-6.705479452054795,-5.083517551422119,1054.818115234375
68,-5.8175926,-6.862470862470863,-4.044444444444444,-6.470790378006873,-5.852773666381836,1156.9661865234375
69,-6.000926,-6.844186046511628,-3.5805555555555557,-7.755172413793104,-6.30914831161499,1258.8115234375
70,-6.5824075,-7.4802784222737815,-3.4611111111111112,-9.131487889273357,-6.815989017486572,1559.3232421875
71,-5.873148,-6.833333333333333,-3.8916666666666666,-6.909722222222222,-6.064047813415527,1234.834716796875
72,-5.102778,-6.210161662817552,-3.4305555555555554,-5.529616724738676,-4.635817050933838,817.0459594726562
73,-6.0805554,-6.684331797235023,-3.9805555555555556,-7.8076923076923075,-5.395580291748047,1203.4215087890625
74,-6.2555556,-6.6,-4.519444444444445,-7.922807017543859,-5.586106777191162,1211.9171142578125
75,-6.2675924,-7.419724770642202,-3.0416666666666665,-8.588028169014084,-5.246163368225098,1251.8377685546875
76,-6.299074,-7.411899313501144,-4.5055555555555555,-6.862190812720848,-5.311085224151611,1120.69189453125
77,-5.834259,-6.6506849315068495,-3.911111111111111,-7.0212765957446805,-4.969334602355957,961.8853149414062
78,-5.5416665,-5.9407744874715265,-4.469444444444444,-6.291814946619217,-5.023128509521484,861.6104125976562
79,-6.2212963,-7.431818181818182,-4.519444444444445,-6.507142857142857,-5.117715358734131,1095.34912109375
80,-6.060185,-6.653061224489796,-3.408333333333333,-8.544802867383513,-4.742381572723389,1062.0111083984375
81,-6.389815,-6.895927601809955,-4.5055555555555555,-8.025179856115107,-5.1200456619262695,1205.7265625
82,-6.087037,-7.318284424379232,-3.1166666666666667,-7.978339350180505,-4.94654655456543,1075.2510986328125
83,-5.8925924,-7.137387387387387,-4.2555555555555555,-6.02536231884058,-4.811545372009277,877.0684204101562
84,-5.5,-6.710112359550561,-4.2555555555555555,-5.170909090909091,-4.533975601196289,721.6636352539062
85,-6.237037,-7.233183856502242,-4.1305555555555555,-7.383211678832117,-4.963314533233643,864.6880493164062
86,-5.900926,-6.530201342281879,-3.4694444444444446,-8.076923076923077,-4.6319780349731445,864.5377197265625
87,-6.1351852,-6.430803571428571,-4.311111111111111,-8.0625,-4.928187370300293,887.7493896484375
88,-5.498148,-7.383073496659243,-3.125,-5.527675276752768,-3.750382661819458,676.9937744140625
89,-5.6453705,-6.611111111111111,-4.291666666666667,-5.840740740740741,-4.387732982635498,714.3258666992188
90,-6.265741,-6.303769401330377,-4.472222222222222,-8.602230483271375,-4.292882919311523,950.5674438476562
91,-5.9194446,-6.356194690265487,-4.527777777777778,-7.052238805970149,-4.474602699279785,676.921142578125
92,-5.8185186,-6.76158940397351,-3.375,-7.51310861423221,-4.411140441894531,699.0916748046875
93,-5.55,-6.850220264317181,-3.4555555555555557,-6.165413533834586,-3.665036916732788,729.948974609375
94,-6.42963,-7.171428571428572,-4.025,-8.422641509433962,-4.333611965179443,901.9006958007812
95,-6.0555553,-6.822368421052632,-3.861111111111111,-7.723484848484849,-4.329693794250488,759.073974609375
96,-5.9416666,-5.792122538293216,-4.405555555555556,-8.304182509505704,-4.467059135437012,821.5232543945312
97,-5.9185185,-7.534934497816594,-4.038888888888889,-5.675572519083969,-4.381163120269775,645.43310546875
98,-6.6592593,-7.023965141612201,-4.491666666666666,-9.007662835249041,-4.785728931427002,919.9815673828125
99,-5.935185,-6.3,-3.9194444444444443,-8.080769230769231,-4.1567511558532715,663.4735107421875
100,-5.6305556,-6.407809110629067,-4.141666666666667,-6.316602316602316,-3.4764697551727295,562.8980102539062
101,-5.2398148,-6.162337662337662,-3.6444444444444444,-5.813953488372093,-3.267498731613159,380.48846435546875
102,-5.4972224,-5.209503239740821,-4.4222222222222225,-7.521400778210117,-3.408007860183716,505.1958312988281
103,-5.601852,-6.148706896551724,-4.122222222222222,-6.69140625,-3.1468966007232666,481.23870849609375
104,-5.3861113,-6.440860215053763,-3.7666666666666666,-5.749019607843137,-2.851698160171509,360.0311279296875
105,-5.82037,-7.021459227467811,-3.85,-6.409448818897638,-3.106719970703125,512.7697143554688
106,-5.7083335,-6.411134903640257,-3.9555555555555557,-6.905138339920948,-2.998544216156006,482.0460205078125
107,-6.0305557,-6.722222222222222,-3.9722222222222223,-7.686507936507937,-2.6955690383911133,497.10943603515625
108,-5.3305554,-5.590618336886994,-3.8944444444444444,-6.904382470119522,-1.9832781553268433,456.31427001953125
109,-5.588889,-5.459574468085107,-4.127777777777778,-7.936,-2.4067535400390625,459.42822265625
110,-6.375926,-7.360934182590234,-4.269444444444445,-7.5582329317269075,-2.5125861167907715,626.6695556640625
111,-5.876852,-5.720338983050848,-4.497222222222222,-8.17741935483871,-2.5252010822296143,440.09442138671875
112,-5.617593,-5.826638477801269,-5.030555555555556,-6.0728744939271255,-2.629314422607422,290.6249084472656
113,-6.1444445,-7.0738396624472575,-5.533333333333333,-5.247967479674797,-2.4383544921875,475.24005126953125
114,-5.9444447,-7.018947368421053,-4.883333333333334,-5.420408163265306,-2.6323490142822266,434.7377014160156
115,-5.6592593,-6.184873949579832,-4.558333333333334,-6.258196721311475,-2.3542678356170654,344.9993896484375
116,-6.7324076,-7.333333333333333,-4.716666666666667,-8.539094650205762,-3.0835142135620117,646.7039184570312
117,-5.3166666,-5.830543933054393,-4.586111111111111,-5.3884297520661155,-1.9850190877914429,255.87338256835938
118,-5.775926,-6.709812108559499,-4.591666666666667,-5.6887966804979255,-2.5374813079833984,367.5378112792969
119,-5.7796297,-5.677083333333333,-5.186111111111111,-6.875,-2.495309352874756,307.25006103515625
120,-6.475,-6.596673596673597,-5.552777777777778,-7.619246861924686,-3.268864870071411,478.4755859375
121,-6.546296,-7.730290456431535,-4.563888888888889,-7.147058823529412,-3.0625081062316895,635.44921875
122,-6.071296,-6.799171842650104,-5.1,-6.063291139240507,-2.7546451091766357,327.8697509765625
123,-6.1287036,-6.822314049586777,-4.616666666666666,-7.012711864406779,-2.5470736026763916,399.0455322265625
124,-5.55,-5.837113402061855,-4.033333333333333,-7.280851063829787,-1.9657999277114868,342.6068115234375
125,-5.758333,-5.9753086419753085,-4.6194444444444445,-7.05982905982906,-2.191973924636841,321.0202941894531
126,-5.8157406,-6.435318275154004,-5.694444444444445,-4.708154506437769,-1.6072863340377808,294.20172119140625
127,-5.911111,-6.641393442622951,-3.7944444444444443,-7.6594827586206895,-1.6909465789794922,341.9504699707031
128,-5.3777776,-5.507157464212679,-4.552777777777778,-6.3896103896103895,-1.1257643699645996,295.7070617675781
129,-5.742593,-6.4,-4.694444444444445,-5.982608695652174,-1.33489191532135,382.2281494140625
130,-5.75,-6.14867617107943,-4.680555555555555,-6.576419213973799,-1.2947083711624146,225.9526824951172
131,-5.383333,-5.504065040650406,-3.8555555555555556,-7.535087719298246,-1.1760647296905518,293.732177734375
132,-5.2787037,-5.647058823529412,-4.405555555555556,-5.863436123348017,-0.4986511766910553,238.41567993164062
133,-5.6925926,-6.255060728744939,-4.358333333333333,-6.588495575221239,-0.845634400844574,426.8027648925781
134,-5.875926,-6.0323232323232325,-5.394444444444445,-6.302222222222222,-0.7284572124481201,264.073974609375
135,-5.859259,-6.929435483870968,-4.363888888888889,-5.892857142857143,-0.9271824955940247,340.21539306640625
136,-5.8324075,-6.812877263581489,-4.291666666666667,-6.134529147982063,-0.9563891291618347,353.0760803222656
137,-5.689815,-4.620481927710843,-6.941666666666666,-6.058558558558558,-0.7265617251396179,587.1619873046875
138,-5.632407,-6.5490981963927855,-3.9722222222222223,-6.266968325791855,-0.9072540402412415,451.2816467285156
139,-6.3083334,-6.778,-4.2444444444444445,-8.618181818181819,-1.5564149618148804,353.07171630859375
140,-6.537963,-6.441117764471058,-5.127777777777778,-9.077625570776256,-1.6275044679641724,347.4103698730469
141,-5.549074,-5.844621513944223,-4.686111111111111,-6.293577981651376,-1.2511128187179565,364.8730163574219
142,-5.8092594,-6.7673956262425445,-4.575,-5.635944700460829,-1.6990702152252197,293.2806091308594
143,-6.3685184,-6.928571428571429,-4.916666666666667,-7.481481481481482,-1.7403308153152466,327.6098937988281
144,-5.2805557,-5.764356435643564,-4.663888888888889,-5.176744186046512,-1.1755013465881348,399.9851379394531
145,-6.053704,-6.650197628458498,-4.491666666666666,-7.271028037383178,-1.3269355297088623,286.60052490234375
146,-5.6564813,-5.682445759368837,-4.8694444444444445,-6.924882629107981,-0.9999547600746155,331.8265075683594
147,-6.0287037,-6.5452755905511815,-4.7,-7.047169811320755,-1.0925970077514648,384.2423400878906
148,-4.7398148,-4.836935166994106,-3.6305555555555555,-6.398104265402844,-0.023824231699109077,329.8288879394531
149,-5.4555554,-5.229411764705882,-5.161111111111111,-6.5095238095238095,-0.35699981451034546,231.40203857421875
150,-5.362037,-6.029354207436399,-4.138888888888889,-5.837320574162679,0.02580174431204796,215.4345703125
151,-5.116667,-5.025390625,-4.566666666666666,-6.293269230769231,0.18270845711231232,247.78509521484375
152,-5.487037,-5.639376218323587,-4.441666666666666,-6.927536231884058,0.23453059792518616,240.31671142578125
153,-5.6425924,-5.011673151750973,-5.166666666666667,-8.048543689320388,0.24076786637306213,451.2212219238281
154,-5.587963,-5.656310679611651,-5.588888888888889,-5.414634146341464,0.41663751006126404,351.0094299316406
155,-6.147222,-6.521317829457364,-5.136111111111111,-6.985294117647059,-0.2892288267612457,433.43670654296875
156,-5.1592593,-5.543520309477756,-4.591666666666667,-5.187192118226601,0.37162697315216064,212.76849365234375
157,-5.0046296,-4.808880308880309,-4.730555555555555,-5.9950495049504955,0.39726001024246216,328.63702392578125
158,-5.7564816,-6.1175337186897885,-5.1,-6.0,-0.22818517684936523,188.0223846435547
159,-5.888889,-6.6038461538461535,-4.9222222222222225,-5.77,-0.14093872904777527,291.87359619140625
160,-5.812037,-6.452975047984645,-4.741666666666666,-6.0703517587939695,-0.12972748279571533,311.2605895996094
161,-5.012037,-4.9655172413793105,-4.666666666666667,-5.762626262626263,-0.06814204156398773,280.0314636230469
162,-6.0111113,-6.432122370936902,-5.269444444444445,-6.248730964467005,-0.6985111236572266,257.4088439941406
163,-5.883333,-5.879770992366412,-5.555555555555555,-6.494897959183674,-0.4490363299846649,207.4350128173828
164,-6.7944446,-6.325714285714286,-5.819444444444445,-9.856410256410257,-1.653480887413025,479.3218688964844
165,-6.325926,-6.585551330798479,-5.752777777777778,-6.685567010309279,-1.3037725687026978,353.4914855957031
166,-6.133333,-6.483870967741935,-4.972222222222222,-7.341968911917099,-1.4534318447113037,349.8084716796875
167,-5.9648147,-6.1268939393939394,-4.875,-7.5625,-0.9965571761131287,236.52359008789062
168,-5.987037,-6.052930056710775,-5.302777777777778,-7.0942408376963355,-1.0741515159606934,331.4161376953125
169,-5.4888887,-6.143396226415095,-4.088888888888889,-6.315789473684211,-0.7374944090843201,235.68101501464844
170,-5.4481483,-5.4331450094161955,-4.508333333333334,-7.28042328042328,-0.47083377838134766,211.4467315673828
171,-5.834259,-5.610902255639098,-5.058333333333334,-7.952127659574468,-0.7684488892555237,264.55352783203125
172,-5.975926,-5.791744840525328,-4.658333333333333,-9.037433155080214,-0.5287735462188721,401.9076843261719
173,-6.014815,-6.49438202247191,-4.530555555555556,-7.510752688172043,-0.6259940266609192,340.1268615722656
174,-5.4092593,-5.788785046728972,-4.347222222222222,-6.378378378378378,-0.07183132320642471,269.1549987792969
175,-6.0925927,-6.03544776119403,-5.594444444444444,-7.233695652173913,-0.4317947328090668,501.7784729003906
176,-5.7222223,-5.761638733705773,-5.013888888888889,-7.0,-0.26208367943763733,203.625244140625
177,-6.2064815,-6.763940520446097,-4.908333333333333,-7.126373626373627,-0.24462871253490448,310.6335754394531
178,-6.337963,-5.87569573283859,-5.572222222222222,-9.237569060773481,-0.26798319816589355,417.103271484375
179,-6.0916667,-6.698148148148148,-4.9527777777777775,-6.55,-0.42610621452331543,259.0815734863281
180,-5.212037,-5.54898336414048,-4.2972222222222225,-6.033519553072626,-0.04413095861673355,294.4645690917969
181,-5.7175927,-5.5664206642066425,-6.011111111111111,-5.584269662921348,-0.055007029324769974,399.3715515136719
182,-5.8018517,-5.760589318600369,-5.841666666666667,-5.8474576271186445,-0.1316433548927307,254.7079315185547
183,-5.9703703,-5.713235294117647,-5.361111111111111,-8.011363636363637,-0.3541753590106964,264.09613037109375
184,-6.1546297,-6.862385321100917,-4.838888888888889,-6.6571428571428575,-0.6224076151847839,282.2450256347656
185,-5.8175926,-6.586080586080586,-5.152777777777778,-4.781609195402299,-0.4675534963607788,363.24481201171875
186,-5.7212963,-6.296160877513711,-5.163888888888889,-5.063583815028902,-0.29795920848846436,345.3797302246094
187,-5.82037,-5.406934306569343,-5.183333333333334,-8.470930232558139,-0.4874490201473236,243.80630493164062
188,-5.437963,-5.688524590163935,-4.669444444444444,-6.251461988304094,-0.13723497092723846,250.99557495117188
189,-6.1222224,-5.712727272727273,-5.625,-8.5,-0.36049365997314453,307.4083557128906
190,-6.241667,-6.3702359346642465,-5.411111111111111,-7.591715976331361,-0.47488540410995483,227.60569763183594
191,-6.1592593,-5.817028985507246,-5.1722222222222225,-9.398809523809524,-0.36654898524284363,299.3220520019531
192,-6.616667,-6.768535262206148,-5.447222222222222,-8.634730538922156,-0.5286028981208801,374.5832214355469
193,-5.8777776,-6.355595667870036,-4.8694444444444445,-6.469879518072289,-0.018526937812566757,238.16783142089844
194,-5.3194447,-6.122522522522522,-4.225,-5.006060606060606,0.450168639421463,311.98968505859375
195,-6.399074,-6.010791366906475,-5.969444444444444,-8.658536585365853,-0.5593674182891846,297.79248046875
196,-6.2398148,-6.734290843806104,-4.613888888888889,-8.141104294478527,-0.5206142067909241,321.4318542480469
197,-6.3185186,-6.505376344086022,-5.469444444444444,-7.561728395061729,-0.42920011281967163,360.9983825683594
198,-5.522222,-6.008944543828265,-4.45,-6.229813664596273,-0.0068507567048072815,218.1830596923828
199,-5.671296,-5.892857142857143,-4.75,-6.96875,0.1232229620218277,208.06301879882812
200,-5.4814816,-5.449197860962567,-5.338888888888889,-5.918238993710692,0.276927649974823,446.6949157714844
201,-5.236111,-4.850533807829182,-5.2027777777777775,-6.6835443037974684,0.4670424163341522,269.4000244140625
202,-6.210185,-6.0266429840142095,-5.738888888888889,-7.949044585987261,-0.03442564234137535,375.6327209472656
203,-6.0351853,-5.851063829787234,-5.372222222222222,-8.23076923076923,0.2291109710931778,285.8069152832031
204,-6.1361113,-6.269026548672566,-5.063888888888889,-8.141935483870968,-0.21025989949703217,277.0301513671875
205,-5.889815,-5.92226148409894,-5.15,-7.5,0.08179407566785812,182.9557647705078
206,-5.95,-5.380952380952381,-6.002777777777778,-7.934640522875817,0.0016490848502144217,388.04937744140625
207,-5.112037,-5.095070422535211,-4.708333333333333,-6.131578947368421,0.39383479952812195,238.66342163085938
208,-5.9657407,-5.500878734622144,-6.230555555555555,-7.086092715231788,-0.287521630525589,214.0165557861328
209,-6.2231483,-6.636842105263158,-4.730555555555555,-8.233333333333333,-0.5431788563728333,246.533447265625
210,-5.5675926,-5.873905429071804,-4.822222222222222,-6.194630872483222,0.07646061480045319,257.0845947265625
211,-5.7842593,-5.975524475524476,-4.286111111111111,-8.68918918918919,-0.03664087504148483,365.61578369140625
212,-5.7537036,-5.0942408376963355,-5.802777777777778,-8.204081632653061,-0.027789609506726265,308.47564697265625
213,-6.275926,-6.2979094076655056,-5.897222222222222,-7.123287671232877,-0.07882094383239746,294.94775390625
214,-5.737037,-6.135652173913043,-4.311111111111111,-7.696551724137931,-0.15430034697055817,189.9595489501953
215,-6.248148,-5.798611111111111,-5.902777777777778,-8.909722222222221,-0.11970867216587067,303.13116455078125
216,-5.725926,-4.720970537261699,-6.425,-8.020979020979022,0.2053804248571396,342.982421875
217,-6.3648148,-6.6280276816609,-5.025,-8.690140845070422,-0.7030122876167297,279.307861328125
218,-6.0962963,-5.587219343696027,-6.158333333333333,-8.02836879432624,-0.41157278418540955,258.8502502441406
219,-6.297222,-6.324137931034483,-4.847222222222222,-9.914285714285715,-0.5179372429847717,335.9397888183594
220,-5.17963,-5.187607573149742,-4.988888888888889,-5.640287769784172,0.02559814415872097,273.280517578125
221,-5.564815,-4.6924398625429555,-6.0055555555555555,-8.094202898550725,-0.06258098781108856,355.2708435058594
222,-5.585185,-5.476843910806175,-6.022222222222222,-4.897810218978102,-0.11576507985591888,249.2001495361328
223,-5.5342593,-5.196917808219178,-4.908333333333333,-8.639705882352942,0.011016342788934708,459.00445556640625
224,-6.039815,-6.112820512820512,-4.95,-8.62962962962963,-0.4072009027004242,140.9625244140625
225,-6.039815,-5.928327645051194,-5.911111111111111,-6.873134328358209,-0.21525853872299194,308.66925048828125
226,-5.8805556,-6.056218057921636,-5.513888888888889,-6.097744360902255,0.020434124395251274,284.8987121582031
227,-6.2712965,-6.578231292517007,-5.647222222222222,-6.606060606060606,-0.2814825177192688,287.3880920410156
228,-5.8435187,-6.00848896434635,-5.8694444444444445,-5.030534351145038,0.036780599504709244,359.1047668457031
229,-5.8685184,-5.33728813559322,-5.936111111111111,-8.092307692307692,0.2537101209163666,325.8975830078125
230,-6.2712965,-5.812182741116751,-5.983333333333333,-9.178294573643411,-0.05893848463892937,345.1700744628906
231,-6.7453704,-6.287162162162162,-6.533333333333333,-9.4609375,-0.6396700143814087,407.8085021972656
232,-5.4944444,-6.016863406408095,-4.483333333333333,-5.921259842519685,0.08107753098011017,337.9771728515625
233,-5.7435184,-5.8686868686868685,-4.7444444444444445,-8.007936507936508,0.26641547679901123,188.8864288330078
234,-4.813889,-4.840336134453781,-4.475,-5.664,0.7111361622810364,332.37152099609375
235,-5.538889,-5.897651006711409,-4.188888888888889,-7.733870967741935,0.2347206175327301,218.2889404296875
236,-6.0435185,-5.611390284757119,-5.866666666666666,-8.658536585365853,-0.26811307668685913,237.99412536621094
237,-5.8787036,-6.362876254180602,-4.713888888888889,-6.942622950819672,-0.428848534822464,244.77439880371094
238,-5.7324076,-5.222036727879799,-5.9944444444444445,-7.479338842975206,0.10440601408481598,304.8785705566406
239,-5.4675927,-5.791666666666667,-5.2,-4.65,0.12127168476581573,274.5697021484375
240,-5.7953706,-6.088186356073211,-5.213888888888889,-6.07563025210084,-0.16877374053001404,285.7310485839844
241,-6.171296,-6.377076411960133,-5.4,-7.47457627118644,-0.745091438293457,193.30401611328125
242,-6.0212965,-6.243781094527363,-5.713888888888889,-5.82051282051282,-0.5618047118186951,286.748046875
243,-6.5574074,-6.049668874172186,-7.0777777777777775,-7.586206896551724,-0.8924907445907593,356.4924011230469
244,-5.825926,-5.909090909090909,-4.941666666666666,-8.156521739130435,-0.4753675162792206,197.86758422851562
245,-6.126852,-5.750825082508251,-6.752777777777778,-6.149122807017544,-0.46367645263671875,348.5342102050781
246,-5.8425927,-5.794069192751236,-5.908333333333333,-5.893805309734513,-0.1337553858757019,250.42913818359375
247,-6.382407,-6.129934210526316,-6.852777777777778,-6.241071428571429,-0.4402889311313629,447.78863525390625
248,-6.210185,-5.574712643678161,-7.044444444444444,-6.990990990990991,-0.5857400298118591,395.221435546875
249,-6.1148148,-6.424590163934426,-6.163888888888889,-4.236363636363636,-0.10505497455596924,328.0955810546875
250,-5.4555554,-5.049099836333879,-5.794444444444444,-6.614678899082569,-0.1424601823091507,204.046630859375
251,-5.9694443,-5.955882352941177,-5.786111111111111,-6.657407407407407,-0.5160913467407227,218.66734313964844
252,-6.257407,-6.156606851549755,-5.9527777777777775,-7.859813084112149,-0.7933118343353271,285.7161560058594
253,-5.8324075,-5.690553745928339,-5.647222222222222,-7.283018867924528,-0.10566665977239609,226.30596923828125
254,-6.55463,-6.276422764227642,-6.211111111111111,-9.361904761904762,-0.8830462694168091,257.9061279296875
255,-6.3407407,-6.775974025974026,-5.794444444444444,-5.653846153846154,-0.3385251760482788,317.3635559082031
256,-5.584259,-5.60129659643436,-5.0055555555555555,-7.504854368932039,-0.08763404935598373,191.53981018066406
257,-6.286111,-6.320388349514563,-6.152777777777778,-6.549019607843137,-0.5079401731491089,210.8063201904297
258,-5.962037,-6.289176090468498,-5.391666666666667,-5.99009900990099,-0.20809967815876007,268.4507751464844
259,-5.5805554,-5.635483870967742,-5.352777777777778,-6.06,0.2082996517419815,282.33233642578125
260,-5.913889,-5.993558776167472,-5.833333333333333,-5.707070707070707,0.08120860159397125,266.79541015625
261,-5.7527776,-5.570739549839228,-5.616666666666666,-7.408163265306122,0.21043607592582703,158.64633178710938
262,-5.6675925,-5.515248796147673,-5.072222222222222,-8.855670103092784,0.42621371150016785,224.68142700195312
263,-5.9046297,-6.181089743589744,-5.188888888888889,-6.791666666666667,0.05827051028609276,224.31072998046875
264,-5.172222,-4.9968,-5.3277777777777775,-5.7368421052631575,0.8895871639251709,317.5386962890625
265,-5.887963,-5.8706070287539935,-5.480555555555555,-7.5638297872340425,0.13798321783542633,218.31671142578125
266,-5.5444446,-5.3381180223285485,-5.419444444444444,-7.419354838709677,0.4952578544616699,167.160400390625
267,-5.6990743,-5.487261146496815,-5.711111111111111,-7.0978260869565215,0.24260525405406952,237.12112426757812
268,-5.837037,-5.833068362480128,-5.838888888888889,-5.857142857142857,0.20671696960926056,253.9087371826172
269,-5.6037035,-5.449206349206349,-5.344444444444444,-7.722222222222222,0.2582223117351532,313.2034912109375
270,-6.3074074,-6.212361331220285,-5.872222222222222,-8.741573033707866,-0.4163467288017273,280.73095703125
271,-6.188889,-5.757911392405063,-6.472222222222222,-8.125,-0.20901501178741455,305.3832702636719
272,-5.9074073,-5.740916271721959,-5.908333333333333,-7.114942528735632,0.17141249775886536,274.62396240234375
273,-5.336111,-5.113564668769716,-6.0777777777777775,-3.872093023255814,0.45316141843795776,361.9610900878906
274,-5.796296,-6.21259842519685,-5.233333333333333,-5.070588235294117,-0.28544285893440247,310.32830810546875
275,-5.7314816,-5.303459119496855,-5.916666666666667,-8.178571428571429,-0.3224913775920868,224.01632690429688
276,-5.837037,-5.464678178963894,-5.897222222222222,-8.433734939759036,-0.438266783952713,223.41546630859375
277,-5.367593,-5.543887147335423,-5.688888888888889,-2.5853658536585367,-0.012702083215117455,337.7339172363281
278,-5.953704,-6.050078247261346,-5.536111111111111,-7.049382716049383,-0.4757077395915985,214.04933166503906
279,-6.1833334,-6.0734375,-5.930555555555555,-8.2,-0.7525109648704529,171.4352264404297
280,-5.9574075,-5.670826833073323,-5.788888888888889,-9.050632911392405,-0.17141547799110413,309.1089782714844
281,-5.991667,-6.071651090342679,-5.813888888888889,-6.153846153846154,-0.2358091026544571,206.4752960205078
282,-6.3305554,-6.0684292379471225,-6.008333333333334,-10.025974025974026,-0.5877211689949036,295.8711242675781
283,-6.000926,-5.644409937888199,-6.458333333333333,-6.855263157894737,-0.37559691071510315,325.981201171875
284,-6.361111,-5.609302325581395,-7.055555555555555,-9.493333333333334,-0.48504582047462463,316.6308898925781
285,-6.435185,-5.851393188854489,-6.55,-10.972972972972974,-0.8646661043167114,323.4242858886719
286,-5.95,-5.993817619783616,-5.747222222222222,-6.561643835616438,-0.31259363889694214,238.3980712890625
287,-5.213889,-5.291666666666667,-5.319444444444445,-3.986111111111111,0.2866687774658203,402.2950134277344
288,-5.6074076,-5.4684129429892145,-5.358333333333333,-8.140845070422536,-0.22047196328639984,177.13543701171875
289,-6.3925924,-6.8015384615384615,-5.933333333333334,-4.957142857142857,-0.9762989282608032,310.6836242675781
290,-6.421296,-5.964669738863288,-6.6194444444444445,-9.695652173913043,-0.639051616191864,320.8394775390625
291,-5.6148148,-5.303680981595092,-5.858333333333333,-7.3088235294117645,0.28513675928115845,234.72561645507812
292,-6.3064814,-5.980091883614088,-6.711111111111111,-7.313432835820896,-0.32036516070365906,317.12738037109375
293,-5.8638887,-6.17737003058104,-5.461111111111111,-4.954545454545454,-0.37247639894485474,242.18333435058594
294,-6.0555553,-6.425954198473282,-5.166666666666667,-7.246153846153846,-0.08507482707500458,279.0291442871094
295,-5.302778,-5.475609756097561,-4.877777777777778,-5.921875,0.37791702151298523,314.521484375
296,-5.640741,-5.114155251141552,-5.855555555555555,-9.904761904761905,0.14020948112010956,185.37374877929688
297,-5.7,-5.253799392097265,-5.508333333333334,-11.548387096774194,0.1292772740125656,233.88992309570312
298,-5.6212964,-5.679817905918058,-5.591666666666667,-5.163934426229508,0.3438713252544403,229.39137268066406
299,-6.258333,-6.75,-5.083333333333333,-7.9,-0.04666507989168167,219.82879638671875
300,-6.125926,-5.614220877458396,-7.0472222222222225,-6.237288135593221,-0.03379376605153084,268.349853515625
301,-5.5342593,-5.90785498489426,-4.936111111111111,-4.982758620689655,0.29237252473831177,271.8373107910156
302,-6.4194446,-6.3544494720965305,-6.463888888888889,-6.894736842105263,-0.28353261947631836,332.88873291015625
303,-6.4305553,-5.594879518072289,-7.886111111111111,-6.982142857142857,-0.6235911846160889,355.7935485839844
304,-5.787037,-5.100751879699248,-6.75,-7.781818181818182,-0.09908506274223328,319.69677734375
305,-5.185185,-4.645645645645645,-6.252777777777778,-4.722222222222222,0.5211269855499268,268.1058654785156
306,-5.802778,-6.289355322338831,-5.208333333333333,-3.7169811320754715,-0.25334247946739197,290.5765380859375
307,-6.514815,-6.323353293413174,-6.383333333333334,-9.884615384615385,-1.035649299621582,233.03675842285156
308,-5.8074074,-5.648729446935725,-5.580555555555556,-9.490196078431373,-0.3414771854877472,163.29092407226562
309,-5.9037037,-5.853731343283582,-5.9,-6.6,-0.03764617070555687,273.8746643066406
310,-6.0574074,-5.418777943368108,-6.972222222222222,-8.081632653061224,-0.5700083374977112,295.6749572753906
311,-6.3296294,-6.090773809523809,-6.4,-9.145833333333334,-0.5256092548370361,236.0856170654297
312,-6.4055557,-6.260029717682021,-6.45,-8.148936170212766,-0.32391151785850525,247.40499877929688
313,-5.609259,-5.704747774480712,-5.0472222222222225,-8.608695652173912,0.14242911338806152,241.42572021484375
314,-6.3,-6.271111111111111,-5.847222222222222,-10.355555555555556,-0.511712908744812,161.92776489257812
315,-6.0064816,-5.784023668639053,-5.986111111111111,-9.590909090909092,-0.1738254278898239,206.93858337402344
316,-6.187963,-6.257016248153619,-5.683333333333334,-9.325581395348838,-0.18679247796535492,243.78257751464844
317,-6.0203705,-5.174041297935103,-7.525,-6.785714285714286,-0.354936808347702,295.0160827636719
318,-5.7435184,-5.22680412371134,-6.519444444444445,-7.487804878048781,0.1662302017211914,217.6851043701172
319,-6.2546296,-5.997058823529412,-6.708333333333333,-6.55,-0.05319990962743759,267.7733154296875
320,-5.837037,-5.65345080763583,-5.836111111111111,-9.051282051282051,-0.037788309156894684,237.10739135742188
321,-5.8175926,-5.693548387096774,-5.980555555555555,-6.5,0.12988151609897614,289.76019287109375
322,-5.799074,-5.910688140556369,-5.502777777777778,-6.621621621621622,0.19644209742546082,290.29241943359375
323,-6.149074,-6.114035087719298,-6.113888888888889,-7.166666666666667,-0.1301533728837967,224.2451629638672
324,-5.8296294,-5.429197080291971,-6.633333333333334,-5.4,0.12418171763420105,336.5725402832031
325,-6.1444445,-5.775510204081633,-6.844444444444444,-6.176470588235294,0.02193632163107395,218.23565673828125
326,-5.9185185,-5.372634643377001,-6.322222222222222,-12.878787878787879,-0.08539439737796783,193.8541717529297
327,-5.827778,-5.4229651162790695,-6.525,-6.6875,0.13768427073955536,223.826416015625
328,-5.298148,-4.332365747460087,-7.141666666666667,-5.354838709677419,0.7655248045921326,245.6143798828125
329,-6.2398148,-5.934782608695652,-6.491666666666666,-10.233333333333333,-0.3534957468509674,193.5091094970703
330,-5.671296,-4.736613603473227,-7.236111111111111,-8.517241379310345,0.3596322238445282,287.7068176269531
331,-6.387963,-6.238439306358382,-6.566666666666666,-7.785714285714286,-0.18874703347682953,396.3063049316406
332,-6.052778,-5.542568542568542,-7.108333333333333,-5.074074074074074,-0.0888373926281929,322.9641418457031
333,-5.977778,-5.593659942363113,-6.269444444444445,-12.192307692307692,-0.3096241056919098,179.0495147705078
334,-5.8481483,-5.752517985611511,-5.975,-6.68,-0.2018703669309616,209.9652557373047
335,-6.0324073,-5.844827586206897,-6.0055555555555555,-11.875,-0.20231792330741882,229.77008056640625
336,-5.85,-5.573888091822095,-5.9944444444444445,-11.956521739130435,-0.34905746579170227,133.0516357421875
337,-6.047222,-5.818051575931232,-6.269444444444445,-9.681818181818182,-0.47714701294898987,171.29953002929688
338,-5.161111,-5.101573676680973,-5.341666666666667,-4.0476190476190474,0.7368845343589783,305.0195617675781
339,-5.6990743,-5.832857142857143,-5.391666666666667,-6.55,0.060514047741889954,245.93402099609375
340,-5.9166665,-6.052781740370898,-5.5055555555555555,-8.68421052631579,-0.3177350163459778,283.576904296875
341,-5.6990743,-5.495726495726496,-6.166666666666667,-4.277777777777778,0.21575605869293213,220.67599487304688
342,-5.5731483,-5.21194879089616,-6.4,-3.0,0.1843215674161911,255.3350372314453
343,-5.812037,-5.511363636363637,-6.433333333333334,-5.0625,0.25171688199043274,411.4485168457031
344,-6.249074,-6.10354609929078,-6.283333333333333,-12.266666666666667,-0.3523908853530884,251.99147033691406
345,-6.524074,-5.790368271954674,-7.872222222222222,-8.857142857142858,-0.6055792570114136,324.12725830078125
346,-5.748148,-4.99009900990099,-7.375,-1.9230769230769231,0.12865962088108063,341.0773620605469
347,-5.9305553,-5.55225988700565,-6.627777777777778,-7.333333333333333,-0.11302241683006287,187.19081115722656
348,-5.811111,-5.5627644569816646,-6.033333333333333,-14.545454545454545,-0.2603095769882202,240.12118530273438
349,-5.7444444,-5.140845070422535,-6.838888888888889,-9.2,-0.06109768897294998,298.9323425292969
350,-5.5046296,-5.049226441631505,-6.263888888888889,-11.11111111111111,-0.16405028104782104,214.93545532226562
351,-6.3472223,-5.404494382022472,-8.35,-0.125,-0.6925392150878906,351.30078125
352,-5.373148,-4.854137447405329,-6.286111111111111,-11.285714285714286,-0.11797154694795609,293.7507629394531
353,-6.086111,-6.175070028011205,-5.8694444444444445,-8.5,-0.6747137904167175,329.2545166015625
354,-5.5907407,-5.118881118881119,-6.45,-11.2,-0.03648097813129425,179.61058044433594
355,-5.5305557,-5.335195530726257,-5.802777777777778,-16.0,-0.3797408640384674,250.71632385253906
356,-5.9074073,-5.089260808926081,-7.583333333333333,-0.3333333333333333,-0.39456477761268616,319.362060546875
357,-5.912037,-6.135097493036212,-5.466666666666667,-6.0,-0.13420143723487854,379.045654296875
358,-6.1212964,-5.536856745479833,-7.302777777777778,-1.0,-0.5075982213020325,311.62060546875
359,-6.2564816,-5.8694444444444445,-7.030555555555556,0,-0.37380099296569824,295.7005310058594
360,-6.286111,-5.584722222222222,-7.688888888888889,0,-0.6566146016120911,261.66253662109375
361,-6.3685184,-5.909722222222222,-7.286111111111111,0,-0.4529028832912445,310.7165832519531
362,-5.975926,-5.780555555555556,-6.366666666666666,0,-0.2412910759449005,290.767578125
363,-5.2222223,-4.8277777777777775,-6.011111111111111,0,0.3312874734401703,264.9316101074219
364,-6.2148147,-5.45,-7.7444444444444445,0,-0.5053560137748718,304.66094970703125
365,-5.639815,-4.883333333333334,-7.152777777777778,0,0.06961873173713684,398.0931396484375
366,-5.675,-5.019444444444445,-6.986111111111111,0,0.08432864397764206,219.1189422607422
367,-6.274074,-5.933333333333334,-6.955555555555556,0,-0.17805424332618713,385.0818786621094
368,-6.6212964,-6.347222222222222,-7.169444444444444,0,-0.6197876930236816,227.08067321777344
369,-5.3240743,-4.970833333333333,-6.030555555555556,0,0.46163859963417053,251.15550231933594
370,-6.1037035,-5.930555555555555,-6.45,0,-0.5036045908927917,203.62904357910156
371,-6.498148,-6.388888888888889,-6.716666666666667,0,-0.7775773406028748,173.44937133789062
372,-5.742593,-5.4847222222222225,-6.258333333333334,0,0.02293281815946102,285.8055419921875
373,-6.162963,-5.873611111111111,-6.741666666666666,0,-0.11726047098636627,293.30352783203125
374,-5.8083334,-5.177777777777778,-7.069444444444445,0,0.10589199513196945,152.3616485595703
375,-5.460185,-5.288888888888889,-5.802777777777778,0,0.4405762255191803,246.06044006347656
376,-5.95,-6.184722222222222,-5.480555555555555,0,0.4408394992351532,438.5057373046875
377,-6.147222,-5.206944444444445,-8.027777777777779,0,-0.1265714019536972,253.29310607910156
378,-5.882407,-5.852777777777778,-5.941666666666666,0,0.1266012191772461,172.7969512939453
379,-5.2185187,-4.526388888888889,-6.602777777777778,0,0.8180538415908813,193.36180114746094
380,-6.4583335,-6.5625,-6.25,0,-0.13911542296409607,380.7362976074219
381,-5.8953705,-5.333333333333333,-7.019444444444445,0,0.21666766703128815,190.35316467285156
382,-5.8453703,-6.163888888888889,-5.208333333333333,0,0.32176345586776733,333.5707092285156
383,-6.3787036,-5.690277777777778,-7.7555555555555555,0,-0.17916910350322723,440.0918273925781
384,-5.6592593,-5.163888888888889,-6.65,0,0.4495975375175476,281.2078552246094
385,-5.460185,-5.436111111111111,-5.508333333333334,0,0.2926029562950134,395.08123779296875
386,-5.662963,-5.573611111111111,-5.841666666666667,0,-0.10112352669239044,337.0002746582031
387,-5.9324074,-5.430555555555555,-6.936111111111111,0,-0.3790581524372101,240.4791717529297
388,-5.6537037,-5.098611111111111,-6.763888888888889,0,-0.4161536395549774,201.8004913330078
389,-5.5824075,-5.0569444444444445,-6.633333333333334,0,-0.29197314381599426,186.9998016357422
390,-5.5583334,-5.206944444444445,-6.261111111111111,0,-0.411361962556839,185.66932678222656
391,-5.5194445,-5.456944444444445,-5.644444444444445,0,0.06437212973833084,442.7232360839844
392,-5.661111,-5.011111111111111,-6.961111111111111,0,-0.398379385471344,250.66085815429688
393,-5.837037,-5.426388888888889,-6.658333333333333,0,-0.0873953327536583,340.4165344238281
394,-5.9805555,-5.844444444444444,-6.252777777777778,0,-0.4224052429199219,161.70899963378906
395,-6.5,-5.311111111111111,-8.877777777777778,0,-0.8390430808067322,493.9481506347656
396,-5.7203703,-5.344444444444444,-6.472222222222222,0,-0.11662804335355759,404.8363952636719
397,-5.436111,-5.230555555555555,-5.847222222222222,0,0.16339978575706482,184.29917907714844
398,-5.2472224,-4.815277777777778,-6.111111111111111,0,0.3133869171142578,298.729736328125
399,-6.3537035,-6.052777777777778,-6.955555555555556,0,-0.5795924663543701,227.2804718017578
400,-5.4333334,-5.201388888888889,-5.897222222222222,0,0.43984928727149963,248.12374877929688
401,-5.799074,-5.652777777777778,-6.091666666666667,0,-0.061893902719020844,192.361572265625
402,-5.953704,-5.791666666666667,-6.277777777777778,0,-0.012557163834571838,441.896484375
403,-5.92963,-6.177777777777778,-5.433333333333334,0,-0.12165571004152298,291.1415710449219
404,-6.648148,-5.941666666666666,-8.061111111111112,0,-0.8597396612167358,501.40521240234375
405,-5.9166665,-5.877777777777778,-5.9944444444444445,0,-0.23332813382148743,387.0685729980469
406,-5.7287035,-5.8180555555555555,-5.55,0,-0.1636321246623993,264.1747741699219
407,-6.1222224,-6.070833333333334,-6.225,0,-0.8520194888114929,220.91932678222656
408,-5.751852,-5.554166666666666,-6.147222222222222,0,-0.4538034498691559,167.4329833984375
409,-5.360185,-5.123611111111111,-5.833333333333333,0,0.1908530443906784,318.5483093261719
410,-5.6444445,-5.197222222222222,-6.538888888888889,0,0.22434517741203308,257.1214904785156
411,-6.1222224,-6.127777777777778,-6.111111111111111,0,-0.3868182301521301,226.13865661621094
412,-6.336111,-6.606944444444444,-5.794444444444444,0,-0.4622620642185211,415.1632080078125
413,-5.112963,-4.463888888888889,-6.411111111111111,0,1.053858995437622,271.21966552734375
414,-5.5425925,-5.325,-5.977777777777778,0,0.5730892419815063,379.5274353027344
415,-5.6277776,-4.9875,-6.908333333333333,0,0.3990030288696289,164.3199005126953
416,-6.087037,-5.954166666666667,-6.352777777777778,0,-0.25922608375549316,194.75086975097656
417,-6.0435185,-6.093055555555556,-5.944444444444445,0,-0.010967360809445381,226.58633422851562
418,-5.560185,-4.934722222222222,-6.811111111111111,0,0.3183065950870514,295.35418701171875
419,-5.758333,-5.597222222222222,-6.080555555555556,0,0.09689688682556152,165.3804931640625
420,-6.047222,-5.613888888888889,-6.913888888888889,0,-0.07083172351121902,361.0957946777344
421,-5.8092594,-5.201388888888889,-7.025,0,0.23439688980579376,366.90057373046875
422,-5.486111,-5.520833333333333,-5.416666666666667,0,0.387739360332489,324.75494384765625
423,-5.9657407,-5.608333333333333,-6.680555555555555,0,-0.1601911336183548,252.35671997070312
424,-5.827778,-5.629166666666666,-6.225,0,-0.12163307517766953,251.53443908691406
425,-5.257407,-4.183333333333334,-7.405555555555556,0,0.41358643770217896,360.31781005859375
426,-4.837037,-4.638888888888889,-5.233333333333333,0,0.8671408891677856,345.22003173828125
427,-5.3240743,-4.733333333333333,-6.5055555555555555,0,0.19391721487045288,276.2770080566406
428,-6.296296,-5.758333333333334,-7.372222222222222,0,-0.48116227984428406,374.6354675292969
429,-6.547222,-6.204166666666667,-7.233333333333333,0,-0.7256070375442505,409.8387756347656
430,-5.772222,-6.088888888888889,-5.138888888888889,0,-0.07714039832353592,204.54071044921875
431,-5.524074,-5.863888888888889,-4.844444444444444,0,0.201043039560318,388.65533447265625
432,-5.9175925,-5.545833333333333,-6.661111111111111,0,-0.31717196106910706,342.7459411621094
433,-5.859259,-6.194444444444445,-5.188888888888889,0,-0.11269426345825195,323.38006591796875
434,-5.5518517,-5.156944444444444,-6.341666666666667,0,0.3354332745075226,321.40673828125
435,-5.7546296,-5.541666666666667,-6.180555555555555,0,0.1716565489768982,469.9945068359375
436,-6.552778,-5.875,-7.908333333333333,0,-0.8200709819793701,407.3758239746094
437,-6.1583333,-6.233333333333333,-6.008333333333334,0,-0.2926715910434723,349.93499755859375
438,-5.913889,-6.35,-5.041666666666667,0,-0.32848599553108215,286.2575378417969
439,-4.9027777,-5.058333333333334,-4.591666666666667,0,0.5734045505523682,314.1591796875
440,-5.2675924,-5.641666666666667,-4.519444444444445,0,0.13170570135116577,400.6426086425781
441,-5.678704,-4.919444444444444,-7.197222222222222,0,0.19098711013793945,231.74884033203125
442,-5.587963,-5.236111111111111,-6.291666666666667,0,0.11984927207231522,349.537353515625
443,-5.8064814,-6.098611111111111,-5.222222222222222,0,-0.2568531930446625,185.3938751220703
444,-6.213889,-6.2972222222222225,-6.0472222222222225,0,-0.46060460805892944,256.0100402832031
445,-5.389815,-5.398611111111111,-5.372222222222222,0,0.11477944999933243,226.86309814453125
446,-6.174074,-5.1930555555555555,-8.136111111111111,0,-0.3104642629623413,332.9488525390625
447,-6.662963,-6.690277777777778,-6.608333333333333,0,-0.6993932723999023,315.51953125
448,-6.025,-5.659722222222222,-6.7555555555555555,0,-0.3884974718093872,176.54457092285156
449,-5.852778,-5.901388888888889,-5.7555555555555555,0,-0.122527115046978,325.820068359375
450,-5.5212965,-5.534722222222222,-5.4944444444444445,0,0.11892612278461456,237.1664276123047
451,-5.513889,-4.954166666666667,-6.633333333333334,0,0.27236559987068176,199.5265350341797
452,-5.638889,-5.519444444444445,-5.877777777777778,0,0.1419527381658554,249.52297973632812
453,-5.5435185,-5.636111111111111,-5.358333333333333,0,0.14053602516651154,320.5569763183594
454,-5.6351852,-5.188888888888889,-6.527777777777778,0,0.05884358286857605,216.4974822998047
455,-6.1944447,-6.5875,-5.408333333333333,0,-0.4947924017906189,293.44781494140625
456,-5.6287036,-5.4875,-5.911111111111111,0,-0.24507251381874084,136.8793487548828
457,-6.0287037,-5.570833333333334,-6.944444444444445,0,-0.38537725806236267,298.96868896484375
458,-6.485185,-5.658333333333333,-8.13888888888889,0,-0.7386986017227173,369.54779052734375
459,-6.373148,-6.7555555555555555,-5.608333333333333,0,-0.7760872840881348,425.2108154296875
460,-6.101852,-6.269444444444445,-5.766666666666667,0,-0.4356969892978668,290.2813415527344
461,-5.8333335,-5.891666666666667,-5.716666666666667,0,-0.5848217010498047,198.55755615234375
462,-5.7175927,-5.834722222222222,-5.483333333333333,0,-0.15186527371406555,255.04400634765625
463,-5.7398148,-5.616666666666666,-5.986111111111111,0,-0.3093388080596924,329.2386474609375
464,-5.976852,-5.769444444444445,-6.391666666666667,0,-0.3283540904521942,263.89208984375
465,-5.5175924,-5.526388888888889,-5.5,0,-0.0018746500136330724,162.44505310058594
466,-5.351852,-4.631944444444445,-6.791666666666667,0,0.0880218893289566,234.30618286132812
467,-6.1666665,-5.745833333333334,-7.008333333333334,0,-0.47561532258987427,187.75035095214844
468,-6.351852,-6.561111111111111,-5.933333333333334,0,-0.649146318435669,266.8749084472656
469,-5.5185184,-5.440277777777778,-5.675,0,0.24980008602142334,248.6856231689453
470,-5.766667,-5.491666666666666,-6.316666666666666,0,0.1449209302663803,255.1577911376953
471,-4.983333,-5.126388888888889,-4.697222222222222,0,0.8004353642463684,413.8866271972656
472,-5.763889,-4.697222222222222,-7.897222222222222,0,0.4047941267490387,319.5502624511719
473,-5.0805554,-4.909722222222222,-5.4222222222222225,0,0.9323028326034546,218.27798461914062
474,-5.508333,-5.395833333333333,-5.733333333333333,0,0.5140389204025269,266.3677062988281
475,-5.4166665,-5.2875,-5.675,0,0.4515966773033142,242.57289123535156
476,-6.05,-5.990277777777778,-6.169444444444444,0,-0.4873332977294922,157.4559326171875
477,-5.258333,-5.104166666666667,-5.566666666666666,0,0.6762643456459045,198.00762939453125
478,-5.875926,-5.847222222222222,-5.933333333333334,0,-0.10178983211517334,241.55532836914062
479,-5.8944445,-5.145833333333333,-7.391666666666667,0,-0.1115294024348259,340.631591796875
480,-6.3314815,-5.722222222222222,-7.55,0,-0.40159907937049866,405.370849609375
481,-5.2916665,-5.123611111111111,-5.627777777777778,0,0.33153313398361206,204.34072875976562
482,-5.7833333,-5.497222222222222,-6.355555555555555,0,-0.24237148463726044,349.4895935058594
483,-5.888889,-5.898611111111111,-5.8694444444444445,0,-0.24166126549243927,256.70526123046875
484,-5.884259,-6.1722222222222225,-5.308333333333334,0,-0.4158114790916443,281.99859619140625
485,-5.6425924,-5.754166666666666,-5.419444444444444,0,-0.30121278762817383,190.12075805664062
486,-6.015741,-5.893055555555556,-6.261111111111111,0,-0.7411782741546631,312.61505126953125
487,-5.8638887,-5.998611111111111,-5.594444444444444,0,-0.38626787066459656,294.3049621582031
488,-5.898148,-4.833333333333333,-8.027777777777779,0,-0.44817161560058594,242.58692932128906
489,-6.0444446,-6.509722222222222,-5.113888888888889,0,-0.46181270480155945,280.881591796875
490,-6.2222223,-6.345833333333333,-5.975,0,-0.47826746106147766,266.7178039550781
491,-5.4194446,-5.054166666666666,-6.15,0,0.02171226032078266,193.25743103027344
492,-6.32037,-6.525,-5.911111111111111,0,-0.7006332278251648,293.590576171875
493,-5.772222,-5.966666666666667,-5.383333333333334,0,-0.08737996220588684,258.7003173828125
494,-5.235185,-5.4875,-4.730555555555555,0,0.28051161766052246,242.15757751464844
495,-5.9018517,-5.627777777777778,-6.45,0,0.06532064080238342,356.739990234375
496,-5.7314816,-5.783333333333333,-5.627777777777778,0,0.12210533767938614,203.0838165283203
497,-5.686111,-5.625,-5.808333333333334,0,0.4642609655857086,202.300048828125
498,-5.960185,-6.1125,-5.655555555555556,0,0.24613559246063232,308.79095458984375
499,-6.0592594,-6.397222222222222,-5.383333333333334,0,0.061925943940877914,381.0700378417969
